"Name","Price","Spread","Depth","ExchangeBidDepth","ExchangeAskDepth","Exchange","Date","DateTime","pkDummy"
"Bitcoin",6836.31,0.03,869240,1912163,1489171,"BitMart","2020-04-21","2020-04-21 18:01:15","2020-04-21 18"
"TrueUSD",0.9986,1.02,659370,1912163,1489171,"BitMart","2020-04-21","2020-04-21 18:01:16","2020-04-21 18"
"Ethereum",170.55,0.64,564276,1912163,1489171,"BitMart","2020-04-21","2020-04-21 18:01:16","2020-04-21 18"
"Bitcoin SV",182.34,1.23,243772,1912163,1489171,"BitMart","2020-04-21","2020-04-21 18:01:16","2020-04-21 18"
"USD//Coin",0.9988,1.06,208168,1912163,1489171,"BitMart","2020-04-21","2020-04-21 18:01:16","2020-04-21 18"
"Bitcoin",6837.75,0.04,1810441,4926310,4688430,"Bibox","2020-04-21","2020-04-21 18:01:15","2020-04-21 18"
"Bitcoin",6836.55,0,1930553,3382023,2813670,"KuCoin","2020-04-21","2020-04-21 18:01:18","2020-04-21 18"
"Ethereum",170.46,0.01,1661877,3382023,2813670,"KuCoin","2020-04-21","2020-04-21 18:01:18","2020-04-21 18"
"Bitcoin SV",182.39,0.01,386603,3382023,2813670,"KuCoin","2020-04-21","2020-04-21 18:01:18","2020-04-21 18"
"Litecoin",40.561,0,372402,3382023,2813670,"KuCoin","2020-04-21","2020-04-21 18:01:19","2020-04-21 18"
"XRP",0.18335,0.02,340625,3382023,2813670,"KuCoin","2020-04-21","2020-04-21 18:01:19","2020-04-21 18"
"Bitcoin Cash",219.01,0,248791,3382023,2813670,"KuCoin","2020-04-21","2020-04-21 18:01:19","2020-04-21 18"
"Tezos",2.1419,0.22,235467,3382023,2813670,"KuCoin","2020-04-21","2020-04-21 18:01:19","2020-04-21 18"
"Zcash",42.084,0.11,167215,3382023,2813670,"KuCoin","2020-04-21","2020-04-21 18:01:19","2020-04-21 18"
"Paxos Standard Token",1.0065,0.09,169732,1912163,1489171,"BitMart","2020-04-21","2020-04-21 18:01:16","2020-04-21 18"
"Dash",74.465,0.93,120311,1912163,1489171,"BitMart","2020-04-21","2020-04-21 18:01:17","2020-04-21 18"
"Bitcoin Cash",219.18,0.84,105311,1912163,1489171,"BitMart","2020-04-21","2020-04-21 18:01:17","2020-04-21 18"
"Qtum",1.3149,0.5,85923,1912163,1489171,"BitMart","2020-04-21","2020-04-21 18:01:17","2020-04-21 18"
"Chainlink",3.4546,0.24,46126,1912163,1489171,"BitMart","2020-04-21","2020-04-21 18:01:17","2020-04-21 18"
"Bitcoin",6837.58,0,25151152,32651348,37671808,"HitBTC","2020-04-21","2020-04-21 18:01:17","2020-04-21 18"
"EOS",2.5179,0.02,6532894,32651348,37671808,"HitBTC","2020-04-21","2020-04-21 18:01:17","2020-04-21 18"
"Ethereum",170.48,0.02,5125626,32651348,37671808,"HitBTC","2020-04-21","2020-04-21 18:01:18","2020-04-21 18"
"Litecoin",40.56,0.02,4840922,32651348,37671808,"HitBTC","2020-04-21","2020-04-21 18:01:18","2020-04-21 18"
"XRP",0.18336,0.03,3569411,32651348,37671808,"HitBTC","2020-04-21","2020-04-21 18:01:18","2020-04-21 18"
"Bitcoin SV",182.38,0.02,2152860,32651348,37671808,"HitBTC","2020-04-21","2020-04-21 18:01:19","2020-04-21 18"
"Bitcoin Cash",219.09,0.01,1964419,32651348,37671808,"HitBTC","2020-04-21","2020-04-21 18:01:19","2020-04-21 18"
"TRON",0.01248,0.04,1700934,32651348,37671808,"HitBTC","2020-04-21","2020-04-21 18:01:19","2020-04-21 18"
"Monero",55.121,0.03,1490688,32651348,37671808,"HitBTC","2020-04-21","2020-04-21 18:01:19","2020-04-21 18"
"Stellar",0.050816,0.04,1478489,32651348,37671808,"HitBTC","2020-04-21","2020-04-21 18:01:20","2020-04-21 18"
"Binance Coin",15.105,0.18,1405934,32651348,37671808,"HitBTC","2020-04-21","2020-04-21 18:01:20","2020-04-21 18"
"Dogecoin",0.0019526,0.39,1278987,32651348,37671808,"HitBTC","2020-04-21","2020-04-21 18:01:20","2020-04-21 18"
"Ethereum Classic",5.1936,0.03,1147873,32651348,37671808,"HitBTC","2020-04-21","2020-04-21 18:01:20","2020-04-21 18"
"Cardano",0.034459,0.03,1019458,32651348,37671808,"HitBTC","2020-04-21","2020-04-21 18:01:20","2020-04-21 18"
"Dash",74.394,0.06,957552,32651348,37671808,"HitBTC","2020-04-21","2020-04-21 18:01:21","2020-04-21 18"
"NEO",7.2308,0.02,939565,32651348,37671808,"HitBTC","2020-04-21","2020-04-21 18:01:23","2020-04-21 18"
"NEM",0.035308,0.4,786991,32651348,37671808,"HitBTC","2020-04-21","2020-04-21 18:01:24","2020-04-21 18"
"Statis Euro",1.0758,0.34,751333,32651348,37671808,"HitBTC","2020-04-21","2020-04-21 18:01:24","2020-04-21 18"
"Qtum",1.3154,0.33,618840,32651348,37671808,"HitBTC","2020-04-21","2020-04-21 18:01:24","2020-04-21 18"
"Basic Attention Token",0.15813,0.38,614008,32651348,37671808,"HitBTC","2020-04-21","2020-04-21 18:01:24","2020-04-21 18"
"Zcash",42.056,0.07,598675,32651348,37671808,"HitBTC","2020-04-21","2020-04-21 18:01:25","2020-04-21 18"
"IOTA",0.15123,0.17,538321,32651348,37671808,"HitBTC","2020-04-21","2020-04-21 18:01:25","2020-04-21 18"
"Chainlink",3.4592,0.45,535791,32651348,37671808,"HitBTC","2020-04-21","2020-04-21 18:01:25","2020-04-21 18"
"0x",0.16856,0.46,368549,32651348,37671808,"HitBTC","2020-04-21","2020-04-21 18:01:25","2020-04-21 18"
"VeChain",0.003675,0,339285,32651348,37671808,"HitBTC","2020-04-21","2020-04-21 18:01:25","2020-04-21 18"
"Verge",0.0026141,0.97,326846,32651348,37671808,"HitBTC","2020-04-21","2020-04-21 18:01:26","2020-04-21 18"
"Tezos",2.145,0.24,306262,32651348,37671808,"HitBTC","2020-04-21","2020-04-21 18:01:26","2020-04-21 18"
"MCO",4.9349,0.59,299193,32651348,37671808,"HitBTC","2020-04-21","2020-04-21 18:01:26","2020-04-21 18"
"Chiliz",0.0063672,0.7,295546,32651348,37671808,"HitBTC","2020-04-21","2020-04-21 18:01:26","2020-04-21 18"
"Ethereum",170.5,0.12,1677772,4926310,4688430,"Bibox","2020-04-21","2020-04-21 18:01:16","2020-04-21 18"
"EOS",2.518,0.21,1004445,4926310,4688430,"Bibox","2020-04-21","2020-04-21 18:01:16","2020-04-21 18"
"Ethereum Classic",5.1943,0.13,858930,4926310,4688430,"Bibox","2020-04-21","2020-04-21 18:01:16","2020-04-21 18"
"Bitcoin Cash",219.04,0.25,852720,4926310,4688430,"Bibox","2020-04-21","2020-04-21 18:01:16","2020-04-21 18"
"NEO",7.2265,0.22,797615,4926310,4688430,"Bibox","2020-04-21","2020-04-21 18:01:16","2020-04-21 18"
"Litecoin",40.554,0.27,783982,4926310,4688430,"Bibox","2020-04-21","2020-04-21 18:01:17","2020-04-21 18"
"XRP",0.18316,0.18,710302,4926310,4688430,"Bibox","2020-04-21","2020-04-21 18:01:17","2020-04-21 18"
"Ontology",0.39545,0.18,385757,4926310,4688430,"Bibox","2020-04-21","2020-04-21 18:01:17","2020-04-21 18"
"Bibox Token",0.07485,0.13,265719,4926310,4688430,"Bibox","2020-04-21","2020-04-21 18:01:18","2020-04-21 18"
"Hyperion",0.13055,0.23,235694,4926310,4688430,"Bibox","2020-04-21","2020-04-21 18:01:18","2020-04-21 18"
"Dash",74.406,1.8,117695,4926310,4688430,"Bibox","2020-04-21","2020-04-21 18:01:18","2020-04-21 18"
"Bitcoin SV",182.21,0.94,63798,4926310,4688430,"Bibox","2020-04-21","2020-04-21 18:01:19","2020-04-21 18"
"Crypto.com Coin",0.04815,1.87,30310,4926310,4688430,"Bibox","2020-04-21","2020-04-21 18:01:19","2020-04-21 18"
"High Performance Blockchain",0.080164,1.38,5579,4926310,4688430,"Bibox","2020-04-21","2020-04-21 18:01:19","2020-04-21 18"
"Huobi Token",3.6943,4.12,3047,4926310,4688430,"Bibox","2020-04-21","2020-04-21 18:01:22","2020-04-21 18"
"Nuls",0.18502,2.11,2454,4926310,4688430,"Bibox","2020-04-21","2020-04-21 18:01:22","2020-04-21 18"
"Cosmos",2.2804,3.23,2434,4926310,4688430,"Bibox","2020-04-21","2020-04-21 18:01:22","2020-04-21 18"
"Chainlink",3.4562,2.4,2275,4926310,4688430,"Bibox","2020-04-21","2020-04-21 18:01:22","2020-04-21 18"
"Fusion",0.0995,8.04,1992,4926310,4688430,"Bibox","2020-04-21","2020-04-21 18:01:23","2020-04-21 18"
"KEY",0.00065,15.38,1795,4926310,4688430,"Bibox","2020-04-21","2020-04-21 18:01:23","2020-04-21 18"
"Bytom",0.0554,5.78,1260,4926310,4688430,"Bibox","2020-04-21","2020-04-21 18:01:23","2020-04-21 18"
"Fantom",0.003,6.67,1009,4926310,4688430,"Bibox","2020-04-21","2020-04-21 18:01:23","2020-04-21 18"
"Qtum",1.3384,8.7,646.8,4926310,4688430,"Bibox","2020-04-21","2020-04-21 18:01:23","2020-04-21 18"
"Basic Attention Token",0.1611,3.35,539.5,4926310,4688430,"Bibox","2020-04-21","2020-04-21 18:01:24","2020-04-21 18"
"Cred",0.010011,17.75,517.2,4926310,4688430,"Bibox","2020-04-21","2020-04-21 18:01:24","2020-04-21 18"
"MyToken",0.000688,3.49,516.9,4926310,4688430,"Bibox","2020-04-21","2020-04-21 18:01:24","2020-04-21 18"
"PCHAIN",0.0030005,19.83,498.1,4926310,4688430,"Bibox","2020-04-21","2020-04-21 18:01:24","2020-04-21 18"
"Algorand",0.1889,10.8,404.1,4926310,4688430,"Bibox","2020-04-21","2020-04-21 18:01:25","2020-04-21 18"
"Augur",9.5906,2.58,391,4926310,4688430,"Bibox","2020-04-21","2020-04-21 18:01:25","2020-04-21 18"
"Dogecoin",0.0019555,4.65,385.9,4926310,4688430,"Bibox","2020-04-21","2020-04-21 18:01:26","2020-04-21 18"
"KuCoin Shares",0.90077,0.01,131751,3382023,2813670,"KuCoin","2020-04-21","2020-04-21 18:01:20","2020-04-21 18"
"EOS",2.5177,0.01,96919,3382023,2813670,"KuCoin","2020-04-21","2020-04-21 18:01:20","2020-04-21 18"
"TRON",0.01248,0.11,81397,3382023,2813670,"KuCoin","2020-04-21","2020-04-21 18:01:20","2020-04-21 18"
"Cryptoindex.com 100",0.51524,0.5,65090,3382023,2813670,"KuCoin","2020-04-21","2020-04-21 18:01:20","2020-04-21 18"
"Revain",0.01054,0.19,51848,3382023,2813670,"KuCoin","2020-04-21","2020-04-21 18:01:21","2020-04-21 18"
"Dash",74.37,0.13,48046,3382023,2813670,"KuCoin","2020-04-21","2020-04-21 18:01:22","2020-04-21 18"
"Cosmos",2.271,0.17,44688,3382023,2813670,"KuCoin","2020-04-21","2020-04-21 18:01:22","2020-04-21 18"
"Cardano",0.034509,0.14,38669,3382023,2813670,"KuCoin","2020-04-21","2020-04-21 18:01:24","2020-04-21 18"
"Ethereum Classic",5.1933,0.06,28635,3382023,2813670,"KuCoin","2020-04-21","2020-04-21 18:01:24","2020-04-21 18"
"Chromia",0.017841,0.74,25813,3382023,2813670,"KuCoin","2020-04-21","2020-04-21 18:01:24","2020-04-21 18"
"Binance Coin",15.106,0.32,23587,3382023,2813670,"KuCoin","2020-04-21","2020-04-21 18:01:24","2020-04-21 18"
"NEO",7.226,0.25,23098,3382023,2813670,"KuCoin","2020-04-21","2020-04-21 18:01:25","2020-04-21 18"
"Terra",0.2054,0.19,14837,3382023,2813670,"KuCoin","2020-04-21","2020-04-21 18:01:25","2020-04-21 18"
"Terra",0.2049,0.29,14336,3382023,2813670,"KuCoin","2020-04-21","2020-04-21 18:01:25","2020-04-21 18"
"COTI",0.018931,0.67,13675,3382023,2813670,"KuCoin","2020-04-21","2020-04-21 18:01:25","2020-04-21 18"
"Xeonbit Token",0.85525,0.97,13580,3382023,2813670,"KuCoin","2020-04-21","2020-04-21 18:01:25","2020-04-21 18"
"TomoChain",0.31404,0.62,13103,3382023,2813670,"KuCoin","2020-04-21","2020-04-21 18:01:26","2020-04-21 18"
"Kusama",3.3704,0.11,11584,3382023,2813670,"KuCoin","2020-04-21","2020-04-21 18:01:26","2020-04-21 18"
"Constellation",0.0083975,0.68,11395,3382023,2813670,"KuCoin","2020-04-21","2020-04-21 18:01:26","2020-04-21 18"
"Tokoin",0.016061,0.9,10836,3382023,2813670,"KuCoin","2020-04-21","2020-04-21 18:01:26","2020-04-21 18"
"Travala.com",0.109,0.14,10092,3382023,2813670,"KuCoin","2020-04-21","2020-04-21 18:01:27","2020-04-21 18"
"TTC Protocol",0.01935,2.58,347,4926310,4688430,"Bibox","2020-04-21","2020-04-21 18:01:27","2020-04-21 18"
"IRISnet",0.010482,11.83,275.8,4926310,4688430,"Bibox","2020-04-21","2020-04-21 18:01:27","2020-04-21 18"
"EOS Force",0.00205,0.78,254.7,4926310,4688430,"Bibox","2020-04-21","2020-04-21 18:01:27","2020-04-21 18"
"CPChain",0.0019425,16.01,241.2,4926310,4688430,"Bibox","2020-04-21","2020-04-21 18:01:27","2020-04-21 18"
"Grin",0.4796,5.59,132,4926310,4688430,"Bibox","2020-04-21","2020-04-21 18:01:28","2020-04-21 18"
"OmiseGO",0.5966,13.64,119.3,4926310,4688430,"Bibox","2020-04-21","2020-04-21 18:01:28","2020-04-21 18"
"Ontology Gas",0.08575,7.58,75.51,4926310,4688430,"Bibox","2020-04-21","2020-04-21 18:01:28","2020-04-21 18"
"BUMO",0.0033,6.06,75.04,4926310,4688430,"Bibox","2020-04-21","2020-04-21 18:01:28","2020-04-21 18"
"IRISnet",0.010238,7.35,333.8,4926310,4688430,"Bibox","2020-04-21","2020-04-21 18:01:34","2020-04-21 18"
"MCO",4.9349,0.59,299193,32651348,37671808,"HitBTC","2020-04-21","2020-04-21 18:01:26","2020-04-21 18"
"Chiliz",0.0063672,0.7,295546,32651348,37671808,"HitBTC","2020-04-21","2020-04-21 18:01:26","2020-04-21 18"
"Bitcoin Gold",8.899,0.31,277099,32651348,37671808,"HitBTC","2020-04-21","2020-04-21 18:01:27","2020-04-21 18"
"Huobi Token",3.6899,0.2,257791,32651348,37671808,"HitBTC","2020-04-21","2020-04-21 18:01:29","2020-04-21 18"
"FTX Token",2.483,7.69,199598,32651348,37671808,"HitBTC","2020-04-21","2020-04-21 18:01:29","2020-04-21 18"
"Waves",0.96366,0.46,158769,32651348,37671808,"HitBTC","2020-04-21","2020-04-21 18:01:30","2020-04-21 18"
"Ontology",0.3954,0.52,157643,32651348,37671808,"HitBTC","2020-04-21","2020-04-21 18:01:30","2020-04-21 18"
"Lisk",0.97708,0.65,153707,32651348,37671808,"HitBTC","2020-04-21","2020-04-21 18:01:31","2020-04-21 18"
"Hedera Hashgraph",0.030992,0.63,143486,32651348,37671808,"HitBTC","2020-04-21","2020-04-21 18:01:31","2020-04-21 18"
"Decentraland",0.026855,0.3,142893,32651348,37671808,"HitBTC","2020-04-21","2020-04-21 18:01:31","2020-04-21 18"
"DigiByte",0.007664,1.8,137950,32651348,37671808,"HitBTC","2020-04-21","2020-04-21 18:01:31","2020-04-21 18"
"Augur",9.5378,2.46,123298,32651348,37671808,"HitBTC","2020-04-21","2020-04-21 18:01:32","2020-04-21 18"
"Maker",309,1.42,122663,32651348,37671808,"HitBTC","2020-04-21","2020-04-21 18:01:32","2020-04-21 18"
"Zilliqa",0.0041082,0.68,119486,32651348,37671808,"HitBTC","2020-04-21","2020-04-21 18:01:32","2020-04-21 18"
"Enjin Coin",0.10694,0.44,115293,32651348,37671808,"HitBTC","2020-04-21","2020-04-21 18:01:32","2020-04-21 18"
"OmiseGO",0.5627,0.32,103761,32651348,37671808,"HitBTC","2020-04-21","2020-04-21 18:01:32","2020-04-21 18"
"Cosmos",2.2721,0.37,99072,32651348,37671808,"HitBTC","2020-04-21","2020-04-21 18:01:33","2020-04-21 18"
"Crypto.com Coin",0.048442,2.27,86834,32651348,37671808,"HitBTC","2020-04-21","2020-04-21 18:01:33","2020-04-21 18"
"Tierion",0.044739,1.29,65465,32651348,37671808,"HitBTC","2020-04-21","2020-04-21 18:01:35","2020-04-21 18"
"BitTorent Token",0.0002182,0.72,64159,32651348,37671808,"HitBTC","2020-04-21","2020-04-21 18:01:35","2020-04-21 18"
"MaidSafeCoin",0.10904,1.57,63243,32651348,37671808,"HitBTC","2020-04-21","2020-04-21 18:01:35","2020-04-21 18"
"Golem",0.036018,0.8,57657,32651348,37671808,"HitBTC","2020-04-21","2020-04-21 18:01:35","2020-04-21 18"
"Status",0.017111,0.63,54790,32651348,37671808,"HitBTC","2020-04-21","2020-04-21 18:01:35","2020-04-21 18"
"Komodo",0.53128,0.42,52057,32651348,37671808,"HitBTC","2020-04-21","2020-04-21 18:01:36","2020-04-21 18"
"Decred",11.868,0.89,44365,32651348,37671808,"HitBTC","2020-04-21","2020-04-21 18:01:36","2020-04-21 18"
"Digitex Futures",0.041152,0.69,44050,32651348,37671808,"HitBTC","2020-04-21","2020-04-21 18:01:36","2020-04-21 18"
"ICON",0.22463,0.49,42583,32651348,37671808,"HitBTC","2020-04-21","2020-04-21 18:01:36","2020-04-21 18"
"Ardor",0.032833,1.25,27869,32651348,37671808,"HitBTC","2020-04-21","2020-04-21 18:01:36","2020-04-21 18"
"Grin",0.45888,1.44,22544,32651348,37671808,"HitBTC","2020-04-21","2020-04-21 18:01:37","2020-04-21 18"
"Bytecoin",0.00021767,1.22,21596,32651348,37671808,"HitBTC","2020-04-21","2020-04-21 18:01:37","2020-04-21 18"
"EOS",2.5243,0.53,42491,1912163,1489171,"BitMart","2020-04-21","2020-04-21 18:01:18","2020-04-21 18"
"Zcash",42.055,0.5,40298,1912163,1489171,"BitMart","2020-04-21","2020-04-21 18:01:18","2020-04-21 18"
"NEO",7.237,0.8,28993,1912163,1489171,"BitMart","2020-04-21","2020-04-21 18:01:18","2020-04-21 18"
"TRON",0.012486,0.75,28351,1912163,1489171,"BitMart","2020-04-21","2020-04-21 18:01:19","2020-04-21 18"
"XRP",0.18335,1.04,28273,1912163,1489171,"BitMart","2020-04-21","2020-04-21 18:01:19","2020-04-21 18"
"BitcoinHD",5.8447,2.28,25444,1912163,1489171,"BitMart","2020-04-21","2020-04-21 18:01:21","2020-04-21 18"
"Litecoin",40.55,0.44,20041,1912163,1489171,"BitMart","2020-04-21","2020-04-21 18:01:22","2020-04-21 18"
"OKB",4.461,1.06,19054,1912163,1489171,"BitMart","2020-04-21","2020-04-21 18:01:22","2020-04-21 18"
"Stellar",0.050816,0.29,19038,1912163,1489171,"BitMart","2020-04-21","2020-04-21 18:01:22","2020-04-21 18"
"VeChain",0.0036705,0.41,14267,1912163,1489171,"BitMart","2020-04-21","2020-04-21 18:01:23","2020-04-21 18"
"Crypto.com Coin",0.04795,3.13,11304,1912163,1489171,"BitMart","2020-04-21","2020-04-21 18:01:23","2020-04-21 18"
"Huobi Token",3.6872,0.57,10323,1912163,1489171,"BitMart","2020-04-21","2020-04-21 18:01:23","2020-04-21 18"
"Ethereum Classic",5.1955,0.49,9971,1912163,1489171,"BitMart","2020-04-21","2020-04-21 18:01:23","2020-04-21 18"
"Basic Attention Token",0.1578,0.76,8717,1912163,1489171,"BitMart","2020-04-21","2020-04-21 18:01:23","2020-04-21 18"
"Waves",0.9639,0.44,6286,1912163,1489171,"BitMart","2020-04-21","2020-04-21 18:01:24","2020-04-21 18"
"Gemini Dollar",0.9933,1.03,5176,1912163,1489171,"BitMart","2020-04-21","2020-04-21 18:01:24","2020-04-21 18"
"BitMart Token",0.01065,0.94,2618,1912163,1489171,"BitMart","2020-04-21","2020-04-21 18:01:24","2020-04-21 18"
"Cosmos",2.2721,0.92,2260,1912163,1489171,"BitMart","2020-04-21","2020-04-21 18:01:24","2020-04-21 18"
"Holo",0.000312,7.69,2066,1912163,1489171,"BitMart","2020-04-21","2020-04-21 18:01:25","2020-04-21 18"
"Lina",0.013071,3.5,1835,1912163,1489171,"BitMart","2020-04-21","2020-04-21 18:01:25","2020-04-21 18"
"Matic Network",0.011955,5.63,811.8,1912163,1489171,"BitMart","2020-04-21","2020-04-21 18:01:26","2020-04-21 18"
"WaykiChain",0.1405,0.43,624.6,1912163,1489171,"BitMart","2020-04-21","2020-04-21 18:01:27","2020-04-21 18"
"Algorand",0.1778,2.36,298.3,1912163,1489171,"BitMart","2020-04-21","2020-04-21 18:01:27","2020-04-21 18"
"Binance Coin",15.13,4.76,213.4,1912163,1489171,"BitMart","2020-04-21","2020-04-21 18:01:27","2020-04-21 18"
"BitTorent Token",0.0002175,6.9,161,1912163,1489171,"BitMart","2020-04-21","2020-04-21 18:01:27","2020-04-21 18"
"Boom",0.0013255,15.77,135.6,1912163,1489171,"BitMart","2020-04-21","2020-04-21 18:01:28","2020-04-21 18"
"Baer Chain",0.615,4.88,84.52,1912163,1489171,"BitMart","2020-04-21","2020-04-21 18:01:28","2020-04-21 18"
"Algorand",0.18885,10.75,363.8,4926310,4688430,"Bibox","2020-04-21","2020-04-21 18:01:45","2020-04-21 18"
"IRISnet",0.010181,6.27,208.2,4926310,4688430,"Bibox","2020-04-21","2020-04-21 18:01:50","2020-04-21 18"
"BUMO",0.00315,3.17,76.97,4926310,4688430,"Bibox","2020-04-21","2020-04-21 18:02:05","2020-04-21 18"
"Verasity",0.0003884,0.26,9756,3382023,2813670,"KuCoin","2020-04-21","2020-04-21 18:01:27","2020-04-21 18"
"nUSD",0.99814,0.51,8994,3382023,2813670,"KuCoin","2020-04-21","2020-04-21 18:01:29","2020-04-21 18"
"sUSD",0.98311,0.71,8819,3382023,2813670,"KuCoin","2020-04-21","2020-04-21 18:01:29","2020-04-21 18"
"Algorand",0.1777,0.56,7095,3382023,2813670,"KuCoin","2020-04-21","2020-04-21 18:01:30","2020-04-21 18"
"Swipe",0.60205,6.63,6930,3382023,2813670,"KuCoin","2020-04-21","2020-04-21 18:01:30","2020-04-21 18"
"Ontology",0.39489,0.31,6487,3382023,2813670,"KuCoin","2020-04-21","2020-04-21 18:01:31","2020-04-21 18"
"Grin",0.46244,0.73,6236,3382023,2813670,"KuCoin","2020-04-21","2020-04-21 18:01:31","2020-04-21 18"
"Synthetix Network Token",0.71142,2.37,5930,3382023,2813670,"KuCoin","2020-04-21","2020-04-21 18:01:31","2020-04-21 18"
"Telcoin",0.00014876,1.67,4952,3382023,2813670,"KuCoin","2020-04-21","2020-04-21 18:01:31","2020-04-21 18"
"Electroneum",0.0022451,0.59,4487,3382023,2813670,"KuCoin","2020-04-21","2020-04-21 18:01:32","2020-04-21 18"
"VeChain",0.0036725,0.32,3765,3382023,2813670,"KuCoin","2020-04-21","2020-04-21 18:01:32","2020-04-21 18"
"GoChain",0.006401,0.97,3552,3382023,2813670,"KuCoin","2020-04-21","2020-04-21 18:01:32","2020-04-21 18"
"DigitalBits",0.020086,0.9,3524,3382023,2813670,"KuCoin","2020-04-21","2020-04-21 18:01:32","2020-04-21 18"
"Trias",0.00065895,2.72,3457,3382023,2813670,"KuCoin","2020-04-21","2020-04-21 18:01:32","2020-04-21 18"
"BitTorent Token",0.00021786,0.5,3365,3382023,2813670,"KuCoin","2020-04-21","2020-04-21 18:01:33","2020-04-21 18"
"ARPA Chain",0.0084235,0.91,3364,3382023,2813670,"KuCoin","2020-04-21","2020-04-21 18:01:33","2020-04-21 18"
"Nano",0.53755,0.53,2621,3382023,2813670,"KuCoin","2020-04-21","2020-04-21 18:01:35","2020-04-21 18"
"ARCS",0.38533,0.45,2406,3382023,2813670,"KuCoin","2020-04-21","2020-04-21 18:01:35","2020-04-21 18"
"ARPA Chain",0.0083995,1.49,2334,3382023,2813670,"KuCoin","2020-04-21","2020-04-21 18:01:35","2020-04-21 18"
"The Forbidden Forest",0.075532,1.16,2304,3382023,2813670,"KuCoin","2020-04-21","2020-04-21 18:01:35","2020-04-21 18"
"V Systems",0.023155,1.17,2203,3382023,2813670,"KuCoin","2020-04-21","2020-04-21 18:01:35","2020-04-21 18"
"IoT Chain",0.078326,6.59,2067,3382023,2813670,"KuCoin","2020-04-21","2020-04-21 18:01:36","2020-04-21 18"
"Newscrypto",0.025465,0.63,2063,3382023,2813670,"KuCoin","2020-04-21","2020-04-21 18:01:36","2020-04-21 18"
"Harmony",0.002161,0.83,1865,3382023,2813670,"KuCoin","2020-04-21","2020-04-21 18:01:36","2020-04-21 18"
"WINk",0.00008435,0.64,1821,3382023,2813670,"KuCoin","2020-04-21","2020-04-21 18:01:36","2020-04-21 18"
"Jarvis+",0.0010865,0.83,1606,3382023,2813670,"KuCoin","2020-04-21","2020-04-21 18:01:36","2020-04-21 18"
"Dero",0.35304,2.88,1601,3382023,2813670,"KuCoin","2020-04-21","2020-04-21 18:01:37","2020-04-21 18"
"Blockcloud",0.00011915,3.11,1592,3382023,2813670,"KuCoin","2020-04-21","2020-04-21 18:01:37","2020-04-21 18"
"Enecuum",0.006665,8.55,1541,3382023,2813670,"KuCoin","2020-04-21","2020-04-21 18:01:37","2020-04-21 18"
"THEKEY",0.0002135,2.34,1476,3382023,2813670,"KuCoin","2020-04-21","2020-04-21 18:01:37","2020-04-21 18"
"VideoCoin",0.060105,0.12,1292,3382023,2813670,"KuCoin","2020-04-21","2020-04-21 18:01:38","2020-04-21 18"
"NOIA Network",0.0043355,5.33,1158,3382023,2813670,"KuCoin","2020-04-21","2020-04-21 18:01:40","2020-04-21 18"
"EOS Force",0.0020895,1.58,1117,3382023,2813670,"KuCoin","2020-04-21","2020-04-21 18:01:40","2020-04-21 18"
"NEM",0.035582,2.57,925.3,3382023,2813670,"KuCoin","2020-04-21","2020-04-21 18:01:40","2020-04-21 18"
"Akropolis",0.00093575,1.14,802.3,3382023,2813670,"KuCoin","2020-04-21","2020-04-21 18:01:40","2020-04-21 18"
"MultiVAC",0.0001824,4.71,778.9,3382023,2813670,"KuCoin","2020-04-21","2020-04-21 18:01:41","2020-04-21 18"
"Bolt",0.0009985,1.9,678.4,3382023,2813670,"KuCoin","2020-04-21","2020-04-21 18:01:41","2020-04-21 18"
"Amino Network",0.015715,1.34,642.9,3382023,2813670,"KuCoin","2020-04-21","2020-04-21 18:01:41","2020-04-21 18"
"Dapp Token",0.0003872,1.03,599.6,3382023,2813670,"KuCoin","2020-04-21","2020-04-21 18:01:41","2020-04-21 18"
"Lympo",0.00122,7.21,559,3382023,2813670,"KuCoin","2020-04-21","2020-04-21 18:01:41","2020-04-21 18"
"#MetaHash",0.002246,0.27,449.4,3382023,2813670,"KuCoin","2020-04-21","2020-04-21 18:01:42","2020-04-21 18"
"Wirex Token",0.0097935,0.11,428.7,3382023,2813670,"KuCoin","2020-04-21","2020-04-21 18:01:42","2020-04-21 18"
"BetProtocol",0.0010584,0.99,401.5,3382023,2813670,"KuCoin","2020-04-21","2020-04-21 18:01:42","2020-04-21 18"
"ROAD",0.03147,1.21,398.6,3382023,2813670,"KuCoin","2020-04-21","2020-04-21 18:01:42","2020-04-21 18"
"Volume Network",0.002848,1.83,380.8,3382023,2813670,"KuCoin","2020-04-21","2020-04-21 18:01:42","2020-04-21 18"
"Kambria",0.000576,1.39,256.6,3382023,2813670,"KuCoin","2020-04-21","2020-04-21 18:01:43","2020-04-21 18"
"Kambria",0.0005755,1.22,259.2,3382023,2813670,"KuCoin","2020-04-21","2020-04-21 18:01:44","2020-04-21 18"
"W Green Pay",0.02885,14.63,88.05,3382023,2813670,"KuCoin","2020-04-21","2020-04-21 18:01:45","2020-04-21 18"
"ODEM",0.034125,9.35,31.26,3382023,2813670,"KuCoin","2020-04-21","2020-04-21 18:01:45","2020-04-21 18"
"W Green Pay",0.028865,14.59,180.8,3382023,2813670,"KuCoin","2020-04-21","2020-04-21 18:01:50","2020-04-21 18"
"ODEM",0.03406,9.63,30.98,3382023,2813670,"KuCoin","2020-04-21","2020-04-21 18:01:51","2020-04-21 18"
"ODEM",0.033045,16.07,181,3382023,2813670,"KuCoin","2020-04-21","2020-04-21 18:01:52","2020-04-21 18"
"Origo",0.0094,6.38,141.5,3382023,2813670,"KuCoin","2020-04-21","2020-04-21 18:01:53","2020-04-21 18"
"W Green Pay",0.02888,14.68,4.513,3382023,2813670,"KuCoin","2020-04-21","2020-04-21 18:01:53","2020-04-21 18"
"Origo",0.009395,6.28,87.56,3382023,2813670,"KuCoin","2020-04-21","2020-04-21 18:02:00","2020-04-21 18"
"ODEM",0.034005,10.26,51.67,3382023,2813670,"KuCoin","2020-04-21","2020-04-21 18:02:00","2020-04-21 18"
"W Green Pay",0.02886,14.21,210.1,3382023,2813670,"KuCoin","2020-04-21","2020-04-21 18:02:03","2020-04-21 18"
"Origo",0.009385,6.07,181,3382023,2813670,"KuCoin","2020-04-21","2020-04-21 18:02:03","2020-04-21 18"
"ODEM",0.033855,9.42,58.94,3382023,2813670,"KuCoin","2020-04-21","2020-04-21 18:02:04","2020-04-21 18"
"IRISnet",0.010239,7.35,322.2,4926310,4688430,"Bibox","2020-04-21","2020-04-21 18:02:19","2020-04-21 18"
"Bancor",0.1845,0.62,21391,32651348,37671808,"HitBTC","2020-04-21","2020-04-21 18:01:37","2020-04-21 18"
"Revain",0.010367,2.2,19818,32651348,37671808,"HitBTC","2020-04-21","2020-04-21 18:01:38","2020-04-21 18"
"Viberate",0.011161,2.63,18403,32651348,37671808,"HitBTC","2020-04-21","2020-04-21 18:01:38","2020-04-21 18"
"Everex",0.14591,0.91,16614,32651348,37671808,"HitBTC","2020-04-21","2020-04-21 18:01:40","2020-04-21 18"
"Crypterium",0.21979,2.44,14263,32651348,37671808,"HitBTC","2020-04-21","2020-04-21 18:01:41","2020-04-21 18"
"Nxt",0.009375,1.99,10754,32651348,37671808,"HitBTC","2020-04-21","2020-04-21 18:01:41","2020-04-21 18"
"Metaverse ETP",0.090912,1.46,10099,32651348,37671808,"HitBTC","2020-04-21","2020-04-21 18:01:41","2020-04-21 18"
"SwftCoin",0.001167,2.05,10010,32651348,37671808,"HitBTC","2020-04-21","2020-04-21 18:01:41","2020-04-21 18"
"AdEx",0.053919,14.23,8877,32651348,37671808,"HitBTC","2020-04-21","2020-04-21 18:01:41","2020-04-21 18"
"PAX Gold",1699.47,8.3,7924,32651348,37671808,"HitBTC","2020-04-21","2020-04-21 18:01:42","2020-04-21 18"
"Eidoo",0.11657,0.87,7586,32651348,37671808,"HitBTC","2020-04-21","2020-04-21 18:01:42","2020-04-21 18"
"Bitcoin Diamond",0.50134,1.39,6927,32651348,37671808,"HitBTC","2020-04-21","2020-04-21 18:01:42","2020-04-21 18"
"SunContract",0.018451,6.29,6851,32651348,37671808,"HitBTC","2020-04-21","2020-04-21 18:01:42","2020-04-21 18"
"Cocos-BCX",0.000262,14.39,5959,32651348,37671808,"HitBTC","2020-04-21","2020-04-21 18:01:42","2020-04-21 18"
"Travala.com",0.10865,0.54,3929,32651348,37671808,"HitBTC","2020-04-21","2020-04-21 18:01:43","2020-04-21 18"
"Insolar",0.8671,2.47,3882,32651348,37671808,"HitBTC","2020-04-21","2020-04-21 18:01:43","2020-04-21 18"
"Emercoin",0.056438,16.14,3361,32651348,37671808,"HitBTC","2020-04-21","2020-04-21 18:01:43","2020-04-21 18"
"Nexo",0.10933,19.39,2784,32651348,37671808,"HitBTC","2020-04-21","2020-04-21 18:01:43","2020-04-21 18"
"UTRUST",0.0088834,0.3,2300,32651348,37671808,"HitBTC","2020-04-21","2020-04-21 18:01:45","2020-04-21 18"
"Newscrypto",0.025164,0.33,2297,32651348,37671808,"HitBTC","2020-04-21","2020-04-21 18:01:46","2020-04-21 18"
"Edgeless",0.0076145,12.38,2193,32651348,37671808,"HitBTC","2020-04-21","2020-04-21 18:01:46","2020-04-21 18"
"HTMLCOIN",0.00003165,5.27,2140,32651348,37671808,"HitBTC","2020-04-21","2020-04-21 18:01:46","2020-04-21 18"
"IOST",0.0030567,1.18,2135,32651348,37671808,"HitBTC","2020-04-21","2020-04-21 18:01:46","2020-04-21 18"
"PumaPay",0.00011154,7.83,1593,32651348,37671808,"HitBTC","2020-04-21","2020-04-21 18:01:46","2020-04-21 18"
"SmartCash",0.0021152,1.26,1418,32651348,37671808,"HitBTC","2020-04-21","2020-04-21 18:01:47","2020-04-21 18"
"Ambrosus",0.0082779,2.45,1373,32651348,37671808,"HitBTC","2020-04-21","2020-04-21 18:01:47","2020-04-21 18"
"WAX",0.026765,5.72,1218,32651348,37671808,"HitBTC","2020-04-21","2020-04-21 18:01:47","2020-04-21 18"
"Bitcore",0.18664,12.46,1138,32651348,37671808,"HitBTC","2020-04-21","2020-04-21 18:01:48","2020-04-21 18"
"Binance USD",0.97877,4.24,933.1,32651348,37671808,"HitBTC","2020-04-21","2020-04-21 18:01:48","2020-04-21 18"
"DigitalNote",0.00018855,13.15,534.3,32651348,37671808,"HitBTC","2020-04-21","2020-04-21 18:01:48","2020-04-21 18"
"GoByte",0.017547,6.24,419.4,32651348,37671808,"HitBTC","2020-04-21","2020-04-21 18:01:48","2020-04-21 18"
"Dentacoin",0.00000492,3.04,371.8,32651348,37671808,"HitBTC","2020-04-21","2020-04-21 18:01:49","2020-04-21 18"
"Substratum",0.0028185,8.56,271.8,32651348,37671808,"HitBTC","2020-04-21","2020-04-21 18:01:49","2020-04-21 18"
"Bankera",0.0013796,4.04,333.3,32651348,37671808,"HitBTC","2020-04-21","2020-04-21 18:01:51","2020-04-21 18"
"Dent",0.00011906,18.37,308.9,32651348,37671808,"HitBTC","2020-04-21","2020-04-21 18:01:51","2020-04-21 18"
"PolySwarm",0.0011335,14.78,268.2,32651348,37671808,"HitBTC","2020-04-21","2020-04-21 18:01:52","2020-04-21 18"
"Banca",0.0000365,19.1,256.3,32651348,37671808,"HitBTC","2020-04-21","2020-04-21 18:01:52","2020-04-21 18"
"Electroneum",0.0022936,17.98,253.3,32651348,37671808,"HitBTC","2020-04-21","2020-04-21 18:01:52","2020-04-21 18"
"Peercoin",0.19757,2.57,245,32651348,37671808,"HitBTC","2020-04-21","2020-04-21 18:01:52","2020-04-21 18"
"Blackmoon",0.047465,14.54,234.4,32651348,37671808,"HitBTC","2020-04-21","2020-04-21 18:01:53","2020-04-21 18"
"Pillar",0.013749,5.97,217.6,32651348,37671808,"HitBTC","2020-04-21","2020-04-21 18:01:53","2020-04-21 18"
"HedgeTrade",1.8512,3.36,198.5,32651348,37671808,"HitBTC","2020-04-21","2020-04-21 18:01:53","2020-04-21 18"
"V Systems",0.023088,0.5,175.5,32651348,37671808,"HitBTC","2020-04-21","2020-04-21 18:01:53","2020-04-21 18"
"NAGA",0.012212,7.2,133.1,32651348,37671808,"HitBTC","2020-04-21","2020-04-21 18:01:54","2020-04-21 18"
"Mithril",0.0031133,19.9,131.2,32651348,37671808,"HitBTC","2020-04-21","2020-04-21 18:01:54","2020-04-21 18"
"DIMCOIN",0.00010114,3.26,128.9,32651348,37671808,"HitBTC","2020-04-21","2020-04-21 18:01:54","2020-04-21 18"
"Horizen",5.6966,2.02,125.3,32651348,37671808,"HitBTC","2020-04-21","2020-04-21 18:01:56","2020-04-21 18"
"Bytom",0.05518,1.66,91.32,32651348,37671808,"HitBTC","2020-04-21","2020-04-21 18:01:56","2020-04-21 18"
"Callisto Network",0.00054286,14.15,85.18,32651348,37671808,"HitBTC","2020-04-21","2020-04-21 18:01:56","2020-04-21 18"
"Stratis",0.28473,17.75,82.8,32651348,37671808,"HitBTC","2020-04-21","2020-04-21 18:01:57","2020-04-21 18"
"Exchange Union",0.99493,15.35,79.08,32651348,37671808,"HitBTC","2020-04-21","2020-04-21 18:01:57","2020-04-21 18"
"ZCoin",4.0963,1.92,60.57,32651348,37671808,"HitBTC","2020-04-21","2020-04-21 18:01:57","2020-04-21 18"
"Gas",1.1056,15.48,56.87,32651348,37671808,"HitBTC","2020-04-21","2020-04-21 18:01:57","2020-04-21 18"
"United Traders Token",0.1448,4.42,55.9,32651348,37671808,"HitBTC","2020-04-21","2020-04-21 18:01:57","2020-04-21 18"
"Stox",0.0059694,16.12,47.19,32651348,37671808,"HitBTC","2020-04-21","2020-04-21 18:01:58","2020-04-21 18"
"Storj",0.097453,15.08,29.7,32651348,37671808,"HitBTC","2020-04-21","2020-04-21 18:01:58","2020-04-21 18"
"Ink",0.0010749,13.94,18.25,32651348,37671808,"HitBTC","2020-04-21","2020-04-21 18:01:58","2020-04-21 18"
"IHT Real Estate Protocol",0.00067275,18.6,11.54,32651348,37671808,"HitBTC","2020-04-21","2020-04-21 18:01:58","2020-04-21 18"
"Crowd Machine",0.00025005,7.96,10.49,32651348,37671808,"HitBTC","2020-04-21","2020-04-21 18:01:58","2020-04-21 18"
"HBZ coin",0.0001955,15.86,7.332,32651348,37671808,"HitBTC","2020-04-21","2020-04-21 18:01:59","2020-04-21 18"
"Consentium",0.000885,12.43,4.468,32651348,37671808,"HitBTC","2020-04-21","2020-04-21 18:01:59","2020-04-21 18"
"",NA,NA,NA,32651348,37671808,"HitBTC","2020-04-21","2020-04-21 18:01:59","2020-04-21 18"
"Stox",0.0059684,16.09,47.19,32651348,37671808,"HitBTC","2020-04-21","2020-04-21 18:02:01","2020-04-21 18"
"FunFair",0.00176,1.5,70.4,32651348,37671808,"HitBTC","2020-04-21","2020-04-21 18:02:02","2020-04-21 18"
"Stox",0.005968,16.08,49.13,32651348,37671808,"HitBTC","2020-04-21","2020-04-21 18:02:03","2020-04-21 18"
"Stox",0.0059667,16.04,47.18,32651348,37671808,"HitBTC","2020-04-21","2020-04-21 18:02:18","2020-04-21 18"
"Algorand",0.1883,10.2,377.8,4926310,4688430,"Bibox","2020-04-21","2020-04-21 18:02:22","2020-04-21 18"
"IRISnet",0.010241,7.4,286.7,4926310,4688430,"Bibox","2020-04-21","2020-04-21 18:02:31","2020-04-21 18"
"Algorand",0.17785,2.31,319.8,1912163,1489171,"BitMart","2020-04-21","2020-04-21 18:02:37","2020-04-21 18"
"Algorand",0.1882,10.1,381,4926310,4688430,"Bibox","2020-04-21","2020-04-21 18:02:50","2020-04-21 18"
"Boom",0.0012915,10.92,171.8,1912163,1489171,"BitMart","2020-04-21","2020-04-21 18:03:01","2020-04-21 18"
"IRISnet",0.010243,7.43,318.4,4926310,4688430,"Bibox","2020-04-21","2020-04-21 18:03:03","2020-04-21 18"
"BUMO",0.00325,9.23,74.82,4926310,4688430,"Bibox","2020-04-21","2020-04-21 18:03:20","2020-04-21 18"
"IRISnet",0.01024,7.39,321.2,4926310,4688430,"Bibox","2020-04-21","2020-04-21 18:03:28","2020-04-21 18"
"IRISnet",0.010242,7.42,322.1,4926310,4688430,"Bibox","2020-04-21","2020-04-21 18:03:40","2020-04-21 18"
"Bytom",0.05885,17.16,318.5,4926310,4688430,"Bibox","2020-04-21","2020-04-21 18:03:49","2020-04-21 18"
"Bytom",0.0587,16.7,344.4,4926310,4688430,"Bibox","2020-04-21","2020-04-21 18:03:58","2020-04-21 18"
"ODEM",0.03295,15.54,201.5,3382023,2813670,"KuCoin","2020-04-21","2020-04-21 18:02:09","2020-04-21 18"
"W Green Pay",0.028855,14.17,33.78,3382023,2813670,"KuCoin","2020-04-21","2020-04-21 18:02:09","2020-04-21 18"
"Origo",0.00938,5.97,180.4,3382023,2813670,"KuCoin","2020-04-21","2020-04-21 18:02:14","2020-04-21 18"
"ODEM",0.033875,9.36,57.64,3382023,2813670,"KuCoin","2020-04-21","2020-04-21 18:02:14","2020-04-21 18"
"W Green Pay",0.028845,14.11,33.76,3382023,2813670,"KuCoin","2020-04-21","2020-04-21 18:02:14","2020-04-21 18"
"Origo",0.00937,5.76,234.3,3382023,2813670,"KuCoin","2020-04-21","2020-04-21 18:02:19","2020-04-21 18"
"ODEM",0.03392,9.08,57.75,3382023,2813670,"KuCoin","2020-04-21","2020-04-21 18:02:19","2020-04-21 18"
"W Green Pay",0.0289,14.46,33.86,3382023,2813670,"KuCoin","2020-04-21","2020-04-21 18:02:19","2020-04-21 18"
"W Green Pay",0.02889,14.33,88.06,3382023,2813670,"KuCoin","2020-04-21","2020-04-21 18:02:22","2020-04-21 18"
"ODEM",0.03386,9.27,50.41,3382023,2813670,"KuCoin","2020-04-21","2020-04-21 18:02:22","2020-04-21 18"
"ODEM",0.033865,9.24,57.44,3382023,2813670,"KuCoin","2020-04-21","2020-04-21 18:02:31","2020-04-21 18"
"W Green Pay",0.02891,14.46,4.515,3382023,2813670,"KuCoin","2020-04-21","2020-04-21 18:02:31","2020-04-21 18"
"ODEM",0.033925,8.87,57.48,3382023,2813670,"KuCoin","2020-04-21","2020-04-21 18:02:35","2020-04-21 18"
"W Green Pay",0.028915,14.42,97.32,3382023,2813670,"KuCoin","2020-04-21","2020-04-21 18:02:38","2020-04-21 18"
"Origo",0.009355,5.45,131,3382023,2813670,"KuCoin","2020-04-21","2020-04-21 18:02:50","2020-04-21 18"
"ODEM",0.03389,9.21,58.38,3382023,2813670,"KuCoin","2020-04-21","2020-04-21 18:02:50","2020-04-21 18"
"Origo",0.009345,5.24,181.8,3382023,2813670,"KuCoin","2020-04-21","2020-04-21 18:02:53","2020-04-21 18"
"ODEM",0.03292,15.37,200.9,3382023,2813670,"KuCoin","2020-04-21","2020-04-21 18:03:00","2020-04-21 18"
"W Green Pay",0.02892,14.38,4.516,3382023,2813670,"KuCoin","2020-04-21","2020-04-21 18:03:00","2020-04-21 18"
"ODEM",0.0339,9.14,58.08,3382023,2813670,"KuCoin","2020-04-21","2020-04-21 18:03:03","2020-04-21 18"
"ODEM",0.033915,9.05,58.12,3382023,2813670,"KuCoin","2020-04-21","2020-04-21 18:03:20","2020-04-21 18"
"ODEM",0.033885,9.24,53.11,3382023,2813670,"KuCoin","2020-04-21","2020-04-21 18:03:23","2020-04-21 18"
"ODEM",0.033895,9.18,50.83,3382023,2813670,"KuCoin","2020-04-21","2020-04-21 18:03:40","2020-04-21 18"
"ODEM",0.03387,9.33,53.36,3382023,2813670,"KuCoin","2020-04-21","2020-04-21 18:03:47","2020-04-21 18"
"ODEM",0.03388,9.45,50.73,3382023,2813670,"KuCoin","2020-04-21","2020-04-21 18:03:59","2020-04-21 18"
"Bytom",0.05865,16.54,388.1,4926310,4688430,"Bibox","2020-04-21","2020-04-21 18:04:04","2020-04-21 18"
"Bytom",0.05875,16.85,391.8,4926310,4688430,"Bibox","2020-04-21","2020-04-21 18:04:13","2020-04-21 18"
"FunFair",0.001756,1.5,70.24,32651348,37671808,"HitBTC","2020-04-21","2020-04-21 18:02:53","2020-04-21 18"
"Electroneum",0.0022939,17.96,61,32651348,37671808,"HitBTC","2020-04-21","2020-04-21 18:02:54","2020-04-21 18"
"Stox",0.0059637,15.94,49.26,32651348,37671808,"HitBTC","2020-04-21","2020-04-21 18:02:54","2020-04-21 18"
"Mithril",0.0031134,19.9,19.65,32651348,37671808,"HitBTC","2020-04-21","2020-04-21 18:02:55","2020-04-21 18"
"FunFair",0.001758,1.5,70.32,32651348,37671808,"HitBTC","2020-04-21","2020-04-21 18:03:01","2020-04-21 18"
"Stox",0.0059631,15.92,42.27,32651348,37671808,"HitBTC","2020-04-21","2020-04-21 18:03:02","2020-04-21 18"
"Stox",0.0059663,16.02,49.27,32651348,37671808,"HitBTC","2020-04-21","2020-04-21 18:03:07","2020-04-21 18"
"Stox",0.0059658,16.01,49.21,32651348,37671808,"HitBTC","2020-04-21","2020-04-21 18:03:15","2020-04-21 18"
"Mithril",0.003115,19.99,19.66,32651348,37671808,"HitBTC","2020-04-21","2020-04-21 18:03:15","2020-04-21 18"
"Stox",0.0059654,16,49.12,32651348,37671808,"HitBTC","2020-04-21","2020-04-21 18:03:19","2020-04-21 18"
"Stox",0.0059649,15.98,47.18,32651348,37671808,"HitBTC","2020-04-21","2020-04-21 18:03:26","2020-04-21 18"
"Stox",0.0059644,15.96,47.18,32651348,37671808,"HitBTC","2020-04-21","2020-04-21 18:03:30","2020-04-21 18"
"Stox",0.0059643,15.96,47.18,32651348,37671808,"HitBTC","2020-04-21","2020-04-21 18:03:34","2020-04-21 18"
"Stox",0.0059633,15.93,47.17,32651348,37671808,"HitBTC","2020-04-21","2020-04-21 18:03:45","2020-04-21 18"
"FunFair",0.001757,1.5,70.28,32651348,37671808,"HitBTC","2020-04-21","2020-04-21 18:03:47","2020-04-21 18"
"Stox",0.0059622,15.9,47.17,32651348,37671808,"HitBTC","2020-04-21","2020-04-21 18:03:55","2020-04-21 18"
"Stox",0.0059618,15.88,49.25,32651348,37671808,"HitBTC","2020-04-21","2020-04-21 18:03:58","2020-04-21 18"
"Stox",0.0059614,15.87,40.12,32651348,37671808,"HitBTC","2020-04-21","2020-04-21 18:04:04","2020-04-21 18"
"Boom",0.001325,15.85,104.5,1912163,1489171,"BitMart","2020-04-21","2020-04-21 18:04:16","2020-04-21 18"
"Dogecoin",0.0019565,4.45,396.4,4926310,4688430,"Bibox","2020-04-21","2020-04-21 18:04:18","2020-04-21 18"
"W Green Pay",0.028895,14.22,33.83,3382023,2813670,"KuCoin","2020-04-21","2020-04-21 18:04:10","2020-04-21 18"
"Binance Coin",15.135,4.69,213.5,1912163,1489171,"BitMart","2020-04-21","2020-04-21 18:04:21","2020-04-21 18"
"Stox",0.0059611,15.86,49.25,32651348,37671808,"HitBTC","2020-04-21","2020-04-21 18:04:09","2020-04-21 18"
"Stox",0.0059605,15.84,49.25,32651348,37671808,"HitBTC","2020-04-21","2020-04-21 18:04:14","2020-04-21 18"
"Stox",0.0059601,15.83,42.26,32651348,37671808,"HitBTC","2020-04-21","2020-04-21 18:04:19","2020-04-21 18"
"Stox",0.0059596,15.82,42.26,32651348,37671808,"HitBTC","2020-04-21","2020-04-21 18:04:22","2020-04-21 18"
"Binance Coin",15.14,4.62,222.5,1912163,1489171,"BitMart","2020-04-21","2020-04-21 18:04:27","2020-04-21 18"
"Stox",0.0059594,15.81,47.16,32651348,37671808,"HitBTC","2020-04-21","2020-04-21 18:04:28","2020-04-21 18"
"Electroneum",0.0022941,17.92,61.04,32651348,37671808,"HitBTC","2020-04-21","2020-04-21 18:04:34","2020-04-21 18"
"FunFair",0.001759,1.5,70.36,32651348,37671808,"HitBTC","2020-04-21","2020-04-21 18:04:37","2020-04-21 18"
"Stox",0.0059589,15.79,49.24,32651348,37671808,"HitBTC","2020-04-21","2020-04-21 18:04:38","2020-04-21 18"
"FunFair",0.0017565,1.5,70.26,32651348,37671808,"HitBTC","2020-04-21","2020-04-21 18:04:45","2020-04-21 18"
"Stox",0.0059582,15.77,47.16,32651348,37671808,"HitBTC","2020-04-21","2020-04-21 18:04:46","2020-04-21 18"
"Bytom",0.0585,16.07,384.1,4926310,4688430,"Bibox","2020-04-21","2020-04-21 18:04:42","2020-04-21 18"
"Stox",0.0059578,15.76,49.24,32651348,37671808,"HitBTC","2020-04-21","2020-04-21 18:04:50","2020-04-21 18"
"Stox",0.0059577,15.76,47.15,32651348,37671808,"HitBTC","2020-04-21","2020-04-21 18:04:54","2020-04-21 18"
"Stox",0.0059572,15.74,47.15,32651348,37671808,"HitBTC","2020-04-21","2020-04-21 18:04:59","2020-04-21 18"
"Mithril",0.0031146,19.97,19.66,32651348,37671808,"HitBTC","2020-04-21","2020-04-21 18:04:59","2020-04-21 18"
