"Date","Symbol","Open","High","Low","Close","Volume.USDT","Date.Time"
2017-09-02,"BTC",4405,4508.5,4392.72,4472.14,124142.33,"2017-09-02:00:00"
2017-09-03,"BTC",4521.19,4574.99,4496.52,4509.08,56145.87,"2017-09-03:00:00"
2017-09-04,"BTC",4131.88,4174,4100.11,4100.11,173407.48,"2017-09-04:00:00"
2017-09-05,"BTC",4423.46,4484.99,4352.54,4366.47,135164.07,"2017-09-05:00:00"
2017-09-06,"BTC",4619.43,4662.87,4610,4619.77,70697.27,"2017-09-06:00:00"
2017-09-07,"BTC",4670.45,4737.21,4670.45,4691.61,28767.92,"2017-09-07:00:00"
2017-09-08,"BTC",4285.99,4334.15,4259.89,4282.8,160860.89,"2017-09-08:00:00"
2017-09-09,"BTC",4273.03,4299.98,4258.8,4258.81,52384.2,"2017-09-09:00:00"
2017-09-10,"BTC",4239.74,4239.74,4100,4130.37,78787.37,"2017-09-10:00:00"
2017-09-11,"BTC",4211.07,4225,4199.01,4208.47,32671.17,"2017-09-11:00:00"
2017-09-12,"BTC",4178.52,4179.5,4101.69,4163.72,88511.9,"2017-09-12:00:00"
2017-09-13,"BTC",3945.01,3991.01,3890.93,3944.69,55420.78,"2017-09-13:00:00"
2017-09-14,"BTC",3329,3329,3165.13,3189.02,220967.12,"2017-09-14:00:00"
2017-09-15,"BTC",3750,3750,3658.04,3700,98254.11,"2017-09-15:00:00"
2017-09-16,"BTC",3710,3715,3672.01,3714.95,72913.03,"2017-09-16:00:00"
2017-09-17,"BTC",3720,3739,3683.22,3699.99,79538.04,"2017-09-17:00:00"
2017-09-18,"BTC",4030.1,4069.79,4010.01,4035.01,124427.08,"2017-09-18:00:00"
2017-09-19,"BTC",3882.71,3920,3882.7,3910.04,78398.84,"2017-09-19:00:00"
2017-09-20,"BTC",3968.58,3990,3860.09,3900,245693.78,"2017-09-20:00:00"
2017-09-21,"BTC",3627.12,3632.03,3572.86,3609.99,112532.99,"2017-09-21:00:00"
2017-09-22,"BTC",3620,3628,3600.9,3605,64957.68,"2017-09-22:00:00"
2017-09-23,"BTC",3764.49,3786.07,3764.47,3782.9,110069.86,"2017-09-23:00:00"
2017-09-24,"BTC",3742.07,3767.53,3735,3751,117173.05,"2017-09-24:00:00"
2017-09-25,"BTC",3953.01,3959.56,3886.67,3896.02,203277.97,"2017-09-25:00:00"
2017-09-26,"BTC",3904.97,3910,3882.35,3882.35,104786.09,"2017-09-26:00:00"
2017-09-27,"BTC",4207.95,4233.05,4185.1,4193,71577.46,"2017-09-27:00:00"
2017-09-28,"BTC",4150,4179.3,4140.05,4174.5,58667.55,"2017-09-28:00:00"
2017-09-29,"BTC",4120.01,4250,4108,4174.69,208118.68,"2017-09-29:00:00"
2017-09-30,"BTC",4360,4379.95,4321.68,4378.51,92289.3,"2017-09-30:00:00"
2017-10-01,"BTC",4378.48,4406.52,4378.48,4378.48,75948.74,"2017-10-01:00:00"
2017-10-02,"BTC",4379.83,4417.68,4363.33,4380,40944.47,"2017-10-02:00:00"
2017-10-03,"BTC",4276.99,4329.86,4265.01,4310,94239.35,"2017-10-03:00:00"
2017-10-04,"BTC",4215,4236.63,4193.07,4208.59,74346.21,"2017-10-04:00:00"
2017-10-05,"BTC",4344,4350,4292.43,4292.43,72513.64,"2017-10-05:00:00"
2017-10-06,"BTC",4360,4399,4343.33,4369,42677,"2017-10-06:00:00"
2017-10-07,"BTC",4469,4479.5,4423,4423,163129.69,"2017-10-07:00:00"
2017-10-08,"BTC",4627,4653.99,4600,4640,42612.3,"2017-10-08:00:00"
2017-10-09,"BTC",4760,4819.2,4720.12,4786.95,116170.2,"2017-10-09:00:00"
2017-10-10,"BTC",4795,4840,4680.59,4783.06,531221.36,"2017-10-10:00:00"
2017-10-11,"BTC",4810,4828.39,4810,4821.43,4685.02,"2017-10-11:00:00"
2017-10-12,"BTC",5353.98,5439.99,5323.02,5430,379078.96,"2017-10-12:00:00"
2017-10-13,"BTC",5650,5650,5609.23,5649.98,383363.48,"2017-10-13:00:00"
2017-10-14,"BTC",5779.97,5900,5760,5869.99,279887.41,"2017-10-14:00:00"
2017-10-15,"BTC",5747.9,5756.36,5676,5709.99,222770.27,"2017-10-15:00:00"
2017-10-16,"BTC",5706.12,5788.91,5706.11,5760.02,337128.12,"2017-10-16:00:00"
2017-10-17,"BTC",5599.99,5636.53,5585.3,5595,188709.7,"2017-10-17:00:00"
2017-10-18,"BTC",5547.1,5588,5512.06,5512.06,547385.76,"2017-10-18:00:00"
2017-10-19,"BTC",5668.21,5688,5665.01,5683.9,550986.34,"2017-10-19:00:00"
2017-10-20,"BTC",5995.9,6048.99,5970.2,6010.01,430436.12,"2017-10-20:00:00"
2017-10-21,"BTC",6088.99,6088.99,5994,6024.97,351161.69,"2017-10-21:00:00"
2017-10-22,"BTC",5940.03,6000,5939.95,5950.02,203454.78,"2017-10-22:00:00"
2017-10-23,"BTC",5878.97,5924.98,5857.79,5915.93,469573.4,"2017-10-23:00:00"
2017-10-24,"BTC",5488.92,5523.94,5455.1,5477.03,470636.98,"2017-10-24:00:00"
2017-10-25,"BTC",5644.97,5704.96,5619.94,5689.99,630185.86,"2017-10-25:00:00"
2017-10-26,"BTC",5854.37,5905,5854.33,5861.77,385234.31,"2017-10-26:00:00"
2017-10-27,"BTC",5754.86,5789.45,5722.34,5768.83,336775.15,"2017-10-27:00:00"
2017-10-28,"BTC",5724.91,5733.02,5699.9,5719.64,248852.69,"2017-10-28:00:00"
2017-10-29,"BTC",6128,6189.87,6127.98,6169.98,533415.89,"2017-10-29:00:00"
2017-10-30,"BTC",6110.05,6135.04,6100,6120.5,355576.74,"2017-10-30:00:00"
2017-10-31,"BTC",6389.99,6498.01,6363.12,6463,359411.15,"2017-10-31:00:00"
2017-11-01,"BTC",6687.99,6774.67,6665.01,6753.98,448696.85,"2017-11-01:00:00"
2017-11-02,"BTC",7043.96,7089.89,7010,7019.98,422806.23,"2017-11-02:00:00"
2017-11-03,"BTC",7147.93,7167.98,7105.02,7115.04,522383.66,"2017-11-03:00:00"
2017-11-04,"BTC",7325.03,7404.99,7325.03,7357.09,314812.37,"2017-11-04:00:00"
2017-11-05,"BTC",7358.92,7375.99,7279.02,7345.01,507312.81,"2017-11-05:00:00"
2017-11-06,"BTC",7017.74,7054.73,6906,6960.12,721172.34,"2017-11-06:00:00"
2017-11-07,"BTC",7044,7080.01,7037,7064.04,452801.16,"2017-11-07:00:00"
2017-11-08,"BTC",7193.05,7320.07,7101.01,7303,766725.87,"2017-11-08:00:00"
2017-11-09,"BTC",7092.95,7092.95,7035.64,7079.99,287574.91,"2017-11-09:00:00"
2017-11-10,"BTC",6668,6668,6442.13,6506.98,515043.93,"2017-11-10:00:00"
2017-11-11,"BTC",6249.99,6345.98,6105,6245.05,558065.44,"2017-11-11:00:00"
2017-11-12,"BTC",5660.02,5950,5600,5811.03,839244.96,"2017-11-12:00:00"
2017-11-13,"BTC",6414.99,6500,6381,6465.99,224136.7,"2017-11-13:00:00"
2017-11-14,"BTC",6552.42,6579.99,6520.69,6574.99,222559.04,"2017-11-14:00:00"
2017-11-15,"BTC",7200.43,7250.03,7165.01,7240.06,386000.84,"2017-11-15:00:00"
2017-11-16,"BTC",7765.62,7882,7760.07,7864.5,975997.6,"2017-11-16:00:00"
2017-11-17,"BTC",7763.69,7819.5,7630.01,7699.19,1313952.52,"2017-11-17:00:00"
2017-11-18,"BTC",7796.15,7800.15,7750.71,7761.94,2198165.19,"2017-11-18:00:00"
2017-11-19,"BTC",7998.98,8084.98,7975.13,8038,1026843.76,"2017-11-19:00:00"
2017-11-20,"BTC",8279.04,8319.99,8211,8212,1008058.7,"2017-11-20:00:00"
2017-11-21,"BTC",8075.03,8189.99,8070.03,8119.51,715290.5,"2017-11-21:00:00"
2017-11-22,"BTC",8239.82,8258.73,8200,8205.92,776072.81,"2017-11-22:00:00"
2017-11-23,"BTC",8106.14,8131.69,8000,8019.99,1233233.07,"2017-11-23:00:00"
2017-11-24,"BTC",8162.1,8242.96,8116.01,8138,1064831.17,"2017-11-24:00:00"
2017-11-25,"BTC",8618.18,8734.78,8610.02,8700.01,1296373.43,"2017-11-25:00:00"
2017-11-26,"BTC",9167.76,9169.99,9017.81,9128.02,1668098.22,"2017-11-26:00:00"
2017-11-27,"BTC",9620,9650,9605.52,9650,1344462.41,"2017-11-27:00:00"
2017-11-28,"BTC",9900,9914,9860.09,9896.8,1991179.5,"2017-11-28:00:00"
2017-11-29,"BTC",9876.03,9967,9415,9687.88,6677088.67,"2017-11-29:00:00"
2017-11-30,"BTC",9728.1,10089.99,9728.08,9838.96,2803041.93,"2017-11-30:00:00"
2017-12-01,"BTC",10751.04,10790.99,10560.01,10782.99,2262201.45,"2017-12-01:00:00"
2017-12-02,"BTC",10946.91,10975.65,10871,10890.01,1293355.47,"2017-12-02:00:00"
2017-12-03,"BTC",11046.76,11192.54,10978.02,11165.41,2416777.38,"2017-12-03:00:00"
2017-12-04,"BTC",11416.98,11579,11416.95,11579,3286179.7,"2017-12-04:00:00"
2017-12-05,"BTC",11715.05,11750,11662,11699.99,2458148.35,"2017-12-05:00:00"
2017-12-06,"BTC",13590.06,13613.85,12900,13550.05,4363776.89,"2017-12-06:00:00"
2017-12-07,"BTC",16096.02,16649.96,15501,16599,4614394.24,"2017-12-07:00:00"
2017-12-08,"BTC",15797.99,15998.98,15586.38,15880,7977805.08,"2017-12-08:00:00"
2017-12-09,"BTC",14616,14700,14401.03,14656.07,5690667.76,"2017-12-09:00:00"
2017-12-10,"BTC",14380,15720.12,14356.49,14899.98,14290945,"2017-12-10:00:00"
2017-12-11,"BTC",16846,16963.59,16400,16587.97,9577580.27,"2017-12-11:00:00"
2017-12-12,"BTC",16539.01,16584,16100,16349.99,5727674.26,"2017-12-12:00:00"
2017-12-13,"BTC",16146.03,16230,15877,16033.29,9532179.17,"2017-12-13:00:00"
2017-12-14,"BTC",16229.97,16375.72,16170,16334.98,5307126.35,"2017-12-14:00:00"
2017-12-15,"BTC",17502.72,17627.9,17397,17539.83,4767543.73,"2017-12-15:00:00"
2017-12-16,"BTC",19410,19539,18990,19102.66,2967377.17,"2017-12-16:00:00"
2017-12-17,"BTC",19243.41,19390.47,18510,18860.02,11985614.08,"2017-12-17:00:00"
2017-12-18,"BTC",18680,18900,18664.46,18856.25,6525761.61,"2017-12-18:00:00"
2017-12-19,"BTC",16659.98,17400.01,16620,17295.2,4519825.59,"2017-12-19:00:00"
2017-12-20,"BTC",16311.17,16600,16070,16488.98,3847776.96,"2017-12-20:00:00"
2017-12-21,"BTC",15344.8,15527.63,15190.19,15492.64,11024716.83,"2017-12-21:00:00"
2017-12-22,"BTC",14599.98,14600.02,12840,13326.61,15757929.53,"2017-12-22:00:00"
2017-12-23,"BTC",14305.16,14584.6,13234.56,13300,14525988.3,"2017-12-23:00:00"
2017-12-24,"BTC",13041,13570,12982.67,13500,11710162.36,"2017-12-24:00:00"
2017-12-25,"BTC",13540.05,13750,13421.47,13699.34,3390051.04,"2017-12-25:00:00"
2017-12-26,"BTC",15659.88,15765.01,15540.01,15689.01,2909863.57,"2017-12-26:00:00"
2017-12-27,"BTC",15315,15520,15101,15459.99,6656330.02,"2017-12-27:00:00"
2017-12-28,"BTC",13837.9,14221.99,13805.05,14182.11,6121553.39,"2017-12-28:00:00"
2017-12-29,"BTC",14400.97,14577.11,14350.01,14378.9,9912764.7,"2017-12-29:00:00"
2017-12-30,"BTC",12677.42,12800.79,12288,12440.01,4546680.07,"2017-12-30:00:00"
2017-12-31,"BTC",13820.5,13829.99,13645.03,13716.36,3230217.31,"2017-12-31:00:00"
2018-01-01,"BTC",13452,13500,13355.01,13387,4455241.8,"2018-01-01:00:00"
2018-01-02,"BTC",14799.96,14887.08,14600,14675.11,10968033.62,"2018-01-02:00:00"
2018-01-03,"BTC",14799.91,14940.82,14710,14919.51,9341796.28,"2018-01-03:00:00"
2018-01-04,"BTC",14939.39,15100.08,14774.25,15059.54,13117141.01,"2018-01-04:00:00"
2018-01-05,"BTC",17021.36,17176.24,16801.02,16960.39,14603281.99,"2018-01-05:00:00"
2018-01-06,"BTC",16975,17143.13,16975,17069.79,9298690.54,"2018-01-06:00:00"
2018-01-07,"BTC",16446,16461.28,16126.85,16150.03,4565503.96,"2018-01-07:00:00"
2018-01-08,"BTC",14580,15000,14392.32,14902.54,7995263.02,"2018-01-08:00:00"
2018-01-09,"BTC",14254.92,14454.95,14125,14400,10667491.87,"2018-01-09:00:00"
2018-01-10,"BTC",14500,14955.66,14404.96,14907.09,5629909.89,"2018-01-10:00:00"
2018-01-11,"BTC",12975.99,13400,12511,13238.78,23713958.18,"2018-01-11:00:00"
2018-01-12,"BTC",13646.99,13780.05,13600,13740.01,5502426.25,"2018-01-12:00:00"
2018-01-13,"BTC",14329.99,14346,14142.01,14210,3464803.54,"2018-01-13:00:00"
2018-01-14,"BTC",13452,13600.8,13407,13474.99,7417476.76,"2018-01-14:00:00"
2018-01-15,"BTC",13736.7,13787.82,13340.64,13539.93,9133534.96,"2018-01-15:00:00"
2018-01-16,"BTC",10674.38,11430,10150,10900,44486834.94,"2018-01-16:00:00"
2018-01-17,"BTC",10650.48,11150,10351.02,10988.79,33913492.12,"2018-01-17:00:00"
2018-01-18,"BTC",10964,11172.92,10635.3,10961.97,19894209.86,"2018-01-18:00:00"
2018-01-19,"BTC",11222.28,11487.39,11172.01,11474.98,8426062.59,"2018-01-19:00:00"
2018-01-20,"BTC",12842.9,12843,12704,12799.94,6808149.3,"2018-01-20:00:00"
2018-01-21,"BTC",11129.53,11542.39,11091.14,11530,12310145.32,"2018-01-21:00:00"
2018-01-22,"BTC",10645,10849,10460,10760.05,15827760.75,"2018-01-22:00:00"
2018-01-23,"BTC",11034.42,11057.9,10678,10799.18,14800163.73,"2018-01-23:00:00"
2018-01-24,"BTC",11085,11390,11082,11350,8773979.56,"2018-01-24:00:00"
2018-01-25,"BTC",11210,11229.13,11111,11175.27,5644842.76,"2018-01-25:00:00"
2018-01-26,"BTC",10832.85,11168,10806.02,11089,7236183.26,"2018-01-26:00:00"
2018-01-27,"BTC",11526,11549.99,11400,11498.31,6902394.28,"2018-01-27:00:00"
2018-01-28,"BTC",11945.01,11960,11838.03,11879.95,4205987.01,"2018-01-28:00:00"
2018-01-29,"BTC",11162.22,11318.85,11162.22,11251,3999205.85,"2018-01-29:00:00"
2018-01-30,"BTC",10376.12,10399.88,10095.31,10237.51,9258799.64,"2018-01-30:00:00"
2018-01-31,"BTC",10172.88,10298,10124.69,10285.1,2795565.93,"2018-01-31:00:00"
2018-02-01,"BTC",9120,9349.15,9100,9224.52,7558496.74,"2018-02-01:00:00"
2018-02-02,"BTC",8824.87,8967.45,8770,8873.03,7341026.83,"2018-02-02:00:00"
2018-02-03,"BTC",9080.49,9218.98,9022,9199.96,6971256.57,"2018-02-03:00:00"
2018-02-04,"BTC",8444,8461.16,8125.12,8184.81,8244317.76,"2018-02-04:00:00"
2018-02-05,"BTC",6859.98,6990,6733.01,6939.99,19733409.7,"2018-02-05:00:00"
2018-02-06,"BTC",7603.39,7834.22,7512,7652.14,20420898.62,"2018-02-06:00:00"
2018-02-07,"BTC",7781,7818.06,7531.11,7599,29848679,"2018-02-07:00:00"
2018-02-08,"BTC",7784.02,7784.02,7784.02,7784.02,0,"2018-02-08:00:00"
2018-02-09,"BTC",8566,8719.1,8550.93,8683.92,10369512.04,"2018-02-09:00:00"
2018-02-10,"BTC",8539.99,8571.38,8451,8533.98,10509376.08,"2018-02-10:00:00"
2018-02-11,"BTC",8283.92,8298,8015,8063.88,16833047.13,"2018-02-11:00:00"
2018-02-12,"BTC",8890.02,8989,8825,8903,22257682.37,"2018-02-12:00:00"
2018-02-13,"BTC",8580,8584.08,8480,8539.9,7578568.17,"2018-02-13:00:00"
2018-02-14,"BTC",9429.91,9489.6,9384,9449.99,14361346.71,"2018-02-14:00:00"
2018-02-15,"BTC",10062.96,10167.5,9991.16,10000.09,13850961.31,"2018-02-15:00:00"
2018-02-16,"BTC",10179.97,10213.3,10131.07,10159.98,9938123.16,"2018-02-16:00:00"
2018-02-17,"BTC",10900,11075.07,10900,11039.55,28005673.95,"2018-02-17:00:00"
2018-02-18,"BTC",10570,10576,10331,10388.87,24577606.32,"2018-02-18:00:00"
2018-02-19,"BTC",11077.07,11174.97,11042,11153,11779191.26,"2018-02-19:00:00"
2018-02-20,"BTC",11375.81,11432,11100.59,11200.99,57176740.23,"2018-02-20:00:00"
2018-02-21,"BTC",10460,10562,10360,10437.6,19843733.93,"2018-02-21:00:00"
2018-02-22,"BTC",9925,9939,9792,9812,12781230.66,"2018-02-22:00:00"
2018-02-23,"BTC",10135.5,10230,10080,10131.04,16436429.64,"2018-02-23:00:00"
2018-02-24,"BTC",9580.15,9737,9580.15,9694.51,10472952.59,"2018-02-24:00:00"
2018-02-25,"BTC",9660,9670,9517.03,9590,8026024.47,"2018-02-25:00:00"
2018-02-26,"BTC",10363.46,10390,10270.19,10324,9322961.42,"2018-02-26:00:00"
2018-02-27,"BTC",10737.03,10759,10560.01,10569.04,8807086.53,"2018-02-27:00:00"
2018-02-28,"BTC",10430.03,10469.69,10300,10326.76,18085820.26,"2018-02-28:00:00"
2018-03-01,"BTC",10970,10994.5,10877.97,10920,10942495.95,"2018-03-01:00:00"
2018-03-02,"BTC",11120,11130,10943.11,11039,9495227.22,"2018-03-02:00:00"
2018-03-03,"BTC",11410.02,11480,11387.02,11464.48,6137066.86,"2018-03-03:00:00"
2018-03-04,"BTC",11419.28,11565,11410.38,11515,11025777.65,"2018-03-04:00:00"
2018-03-05,"BTC",11599.62,11630.64,11454,11454,7496915.72,"2018-03-05:00:00"
2018-03-06,"BTC",10783.67,10804.4,10601,10716.48,12458035.58,"2018-03-06:00:00"
2018-03-07,"BTC",9925.22,9979,9801,9910,16616470.98,"2018-03-07:00:00"
2018-03-08,"BTC",9233.24,9340,9228.39,9271.64,9859270.71,"2018-03-08:00:00"
2018-03-09,"BTC",9200.99,9333.33,9150,9227,23506097.27,"2018-03-09:00:00"
2018-03-10,"BTC",8829.99,8845,8716.86,8770.22,9972828.1,"2018-03-10:00:00"
2018-03-11,"BTC",9526,9594.06,9444.6,9533.57,12289043.46,"2018-03-11:00:00"
2018-03-12,"BTC",9075.46,9234.07,9049.06,9131.22,10994393.88,"2018-03-12:00:00"
2018-03-13,"BTC",9158.57,9195.75,9120.06,9150,6966335.02,"2018-03-13:00:00"
2018-03-14,"BTC",8160.84,8279.49,8150,8170,12770201.33,"2018-03-14:00:00"
2018-03-15,"BTC",8324.86,8329.86,8205.42,8240.98,7947159.64,"2018-03-15:00:00"
2018-03-16,"BTC",8474,8502,8257.2,8260,15610153.29,"2018-03-16:00:00"
2018-03-17,"BTC",7985,8000,7800,7824.8,11903174.04,"2018-03-17:00:00"
2018-03-18,"BTC",8145,8259.01,8108.7,8189.99,23402821.65,"2018-03-18:00:00"
2018-03-19,"BTC",8505.01,8630.07,8442.15,8600,14826470.62,"2018-03-19:00:00"
2018-03-20,"BTC",8945,8951,8810.96,8909.98,14332533.27,"2018-03-20:00:00"
2018-03-21,"BTC",8813.5,8930,8777,8885,12663572.14,"2018-03-21:00:00"
2018-03-22,"BTC",8706.98,8770,8660,8722.9,12171154.52,"2018-03-22:00:00"
2018-03-23,"BTC",8660,8909,8641.3,8898.03,16302823.63,"2018-03-23:00:00"
2018-03-24,"BTC",8625,8672,8491,8546.86,14829830.26,"2018-03-24:00:00"
2018-03-25,"BTC",8448.95,8494.67,8388,8470.15,10950918.63,"2018-03-25:00:00"
2018-03-26,"BTC",8195.65,8268.5,8100.9,8134.23,15703387.66,"2018-03-26:00:00"
2018-03-27,"BTC",7965,7979.9,7755.58,7795.51,13981844.23,"2018-03-27:00:00"
2018-03-28,"BTC",7942.57,7980,7906.03,7949.3,5551738.34,"2018-03-28:00:00"
2018-03-29,"BTC",7199.49,7243.83,7060,7090.14,13394586.63,"2018-03-29:00:00"
2018-03-30,"BTC",6784.5,6898,6750,6840.23,9582469.87,"2018-03-30:00:00"
2018-03-31,"BTC",6974.39,6990.84,6888.53,6923.91,5065612.53,"2018-03-31:00:00"
2018-04-01,"BTC",6800.95,6829,6765.05,6813.01,6760546.66,"2018-04-01:00:00"
2018-04-02,"BTC",7031,7070,6999.77,7056,7717200.39,"2018-04-02:00:00"
2018-04-03,"BTC",7390,7439.78,7353.01,7405.21,6081217.78,"2018-04-03:00:00"
2018-04-04,"BTC",6764.08,6830,6707,6796.1,7251117.54,"2018-04-04:00:00"
2018-04-05,"BTC",6816,6840,6750,6770.76,6470609.51,"2018-04-05:00:00"
2018-04-06,"BTC",6525.26,6610,6516.67,6601.39,5513158.1,"2018-04-06:00:00"
2018-04-07,"BTC",6923.99,6938.23,6850.01,6895.8,6861393.56,"2018-04-07:00:00"
2018-04-08,"BTC",7027,7030,6992,7018,4420088.07,"2018-04-08:00:00"
2018-04-09,"BTC",6693,6795,6692.86,6782.72,5832181.07,"2018-04-09:00:00"
2018-04-10,"BTC",6792.6,6845,6770,6843.9,5065459.29,"2018-04-10:00:00"
2018-04-11,"BTC",6931,6987.41,6931,6953.79,10296081.27,"2018-04-11:00:00"
2018-04-12,"BTC",7890,7986.1,7851.2,7923,18462010.36,"2018-04-12:00:00"
2018-04-13,"BTC",7899,7967.26,7844.42,7877.41,16338129.24,"2018-04-13:00:00"
2018-04-14,"BTC",8060.22,8063.99,7941,7999.01,9067676.01,"2018-04-14:00:00"
2018-04-15,"BTC",8350,8365.87,8306.52,8355,6541603.84,"2018-04-15:00:00"
2018-04-16,"BTC",8017,8086.01,8014.2,8064.92,6949973.5,"2018-04-16:00:00"
2018-04-17,"BTC",7917.43,7923.03,7860,7885.02,7445541.22,"2018-04-17:00:00"
2018-04-18,"BTC",8155.01,8186.59,8141.01,8173,7264893.24,"2018-04-18:00:00"
2018-04-19,"BTC",8253,8294.99,8230,8278,5293615.49,"2018-04-19:00:00"
2018-04-20,"BTC",8830,8888,8754,8856.98,21127952.1,"2018-04-20:00:00"
2018-04-21,"BTC",8806.29,8930,8789.57,8915.31,10196222.19,"2018-04-21:00:00"
2018-04-22,"BTC",8848.18,8848.18,8727.68,8787.02,21857469.85,"2018-04-22:00:00"
2018-04-23,"BTC",8920.02,8949.98,8888,8934.01,6263091.22,"2018-04-23:00:00"
2018-04-24,"BTC",9559.75,9731.01,9511,9622.02,29793173.83,"2018-04-24:00:00"
2018-04-25,"BTC",8955,9007.6,8770,8869.99,23489862.53,"2018-04-25:00:00"
2018-04-26,"BTC",9221,9307.48,9188,9266,20512518.83,"2018-04-26:00:00"
2018-04-27,"BTC",9031,9073.93,8889,8915.35,11067585.77,"2018-04-27:00:00"
2018-04-28,"BTC",9359.01,9384.12,9330.01,9348,7800445.86,"2018-04-28:00:00"
2018-04-29,"BTC",9405.45,9428.99,9380,9419,7508809.47,"2018-04-29:00:00"
2018-04-30,"BTC",9186.02,9250.08,9181.33,9246.01,11461390.35,"2018-04-30:00:00"
2018-05-01,"BTC",9043.87,9112,9032.17,9071.48,10559269.39,"2018-05-01:00:00"
2018-05-02,"BTC",9261.25,9268,9210.38,9247.84,11207531.64,"2018-05-02:00:00"
2018-05-03,"BTC",9724.01,9844,9711.22,9750,16583152.42,"2018-05-03:00:00"
2018-05-04,"BTC",9755.77,9762.73,9699.91,9713.99,5097394.57,"2018-05-04:00:00"
2018-05-05,"BTC",9841.74,9888.88,9832,9864,6782214.4,"2018-05-05:00:00"
2018-05-06,"BTC",9652.75,9681.52,9615.25,9659.01,5183425.67,"2018-05-06:00:00"
2018-05-07,"BTC",9309.86,9384.04,9293.08,9365,6487136.5,"2018-05-07:00:00"
2018-05-08,"BTC",9199.02,9254,9170.57,9184,5441470.27,"2018-05-08:00:00"
2018-05-09,"BTC",9319.32,9331.21,9282,9310,5559306.72,"2018-05-09:00:00"
2018-05-10,"BTC",9089.99,9096.79,8970,9002.2,13000750.15,"2018-05-10:00:00"
2018-05-11,"BTC",8415.57,8475.45,8350,8400,8219657.4,"2018-05-11:00:00"
2018-05-12,"BTC",8453.75,8540.11,8420.22,8465.94,8459416.21,"2018-05-12:00:00"
2018-05-13,"BTC",8737.2,8737.2,8640,8679.71,10011240.78,"2018-05-13:00:00"
2018-05-14,"BTC",8601.01,8687.2,8593.11,8663.34,6670738.61,"2018-05-14:00:00"
2018-05-15,"BTC",8451.95,8502.39,8436.29,8462,5354231.43,"2018-05-15:00:00"
2018-05-16,"BTC",8276.99,8351.91,8265.63,8330,5026622.43,"2018-05-16:00:00"
2018-05-17,"BTC",8074.69,8099.99,7979,8041.46,14945629.07,"2018-05-17:00:00"
2018-05-18,"BTC",8220,8250,8216,8239.81,4561110.64,"2018-05-18:00:00"
2018-05-19,"BTC",8218.57,8248.51,8188,8233.49,4798733.93,"2018-05-19:00:00"
2018-05-20,"BTC",8484.29,8529,8483.23,8526.98,4191556.5,"2018-05-20:00:00"
2018-05-21,"BTC",8397.96,8419.24,8374.13,8381.24,4485922.75,"2018-05-21:00:00"
2018-05-22,"BTC",7961.99,8040.1,7957.61,7977.11,10276735.53,"2018-05-22:00:00"
2018-05-23,"BTC",7536,7565.86,7440.97,7501.95,11571713.98,"2018-05-23:00:00"
2018-05-24,"BTC",7575.01,7640.79,7537.07,7575.01,13159489.43,"2018-05-24:00:00"
2018-05-25,"BTC",7389.88,7505,7362.11,7457,6940639.52,"2018-05-25:00:00"
2018-05-26,"BTC",7327.28,7364.98,7307.27,7333.96,7575537.76,"2018-05-26:00:00"
2018-05-27,"BTC",7338.99,7375.62,7320,7338.99,4379090.59,"2018-05-27:00:00"
2018-05-28,"BTC",7131,7135,7084.3,7099,7405997.4,"2018-05-28:00:00"
2018-05-29,"BTC",7418.34,7468.99,7401.02,7461.29,6683238.3,"2018-05-29:00:00"
2018-05-30,"BTC",7350.01,7399,7350.01,7375.96,10470553.76,"2018-05-30:00:00"
2018-05-31,"BTC",7449.27,7499,7449.18,7485.01,7255470.82,"2018-05-31:00:00"
2018-06-01,"BTC",7517.33,7540,7510.47,7521.01,4853252.42,"2018-06-01:00:00"
2018-06-02,"BTC",7631,7648.96,7630.01,7640.03,6669695.44,"2018-06-02:00:00"
2018-06-03,"BTC",7712.82,7722.29,7690,7714.26,7198619.13,"2018-06-03:00:00"
2018-06-04,"BTC",7507.01,7508.49,7459,7487,10142690.48,"2018-06-04:00:00"
2018-06-05,"BTC",7637.99,7640,7601,7625,5153585.03,"2018-06-05:00:00"
2018-06-06,"BTC",7655.02,7668.8,7632.12,7658.84,6091009.23,"2018-06-06:00:00"
2018-06-07,"BTC",7654.76,7697.94,7645,7691.08,6272903.52,"2018-06-07:00:00"
2018-06-08,"BTC",7638.66,7640.81,7595,7603.44,4740664.69,"2018-06-08:00:00"
2018-06-09,"BTC",7605,7617.69,7450,7491.73,16295717.29,"2018-06-09:00:00"
2018-06-10,"BTC",6663.86,6773.36,6652.01,6764.99,14046954.42,"2018-06-10:00:00"
2018-06-11,"BTC",6786.99,6922,6780.35,6872,12909940.79,"2018-06-11:00:00"
2018-06-12,"BTC",6516.04,6576.61,6450,6530,14164016.28,"2018-06-12:00:00"
2018-06-13,"BTC",6324.94,6343.07,6275.11,6292.78,6158086.95,"2018-06-13:00:00"
2018-06-14,"BTC",6612.84,6667,6580.3,6635.98,8409033.61,"2018-06-14:00:00"
2018-06-15,"BTC",6403.74,6425.55,6362.31,6388.9,9093381.38,"2018-06-15:00:00"
2018-06-16,"BTC",6532.67,6532.68,6463.74,6483.98,5776365.52,"2018-06-16:00:00"
2018-06-17,"BTC",6483,6485,6422,6449.61,6180778.69,"2018-06-17:00:00"
2018-06-18,"BTC",6711.08,6720.84,6692.01,6712.46,6450265.94,"2018-06-18:00:00"
2018-06-19,"BTC",6729.96,6751,6715.82,6741.21,2587951.13,"2018-06-19:00:00"
2018-06-20,"BTC",6730.01,6764.91,6727.05,6761.51,5566770.83,"2018-06-20:00:00"
2018-06-21,"BTC",6724.75,6725,6708,6718.84,3715643.58,"2018-06-21:00:00"
2018-06-22,"BTC",6071.07,6077.24,6021.63,6045,6017093.51,"2018-06-22:00:00"
2018-06-23,"BTC",6191.26,6198.71,6143.97,6149.98,4929224.64,"2018-06-23:00:00"
2018-06-24,"BTC",6136.79,6164,6106,6136.97,5152439.98,"2018-06-24:00:00"
2018-06-25,"BTC",6234.14,6255.99,6229.28,6252,5647121.97,"2018-06-25:00:00"
2018-06-26,"BTC",6155.75,6157.98,6035,6070.78,9086572.28,"2018-06-26:00:00"
2018-06-27,"BTC",6139,6190.43,6110.33,6133.73,6025728.07,"2018-06-27:00:00"
2018-06-28,"BTC",5940,5940,5827,5853.98,15013327.56,"2018-06-28:00:00"
2018-06-29,"BTC",6243.38,6274.99,6174,6197.92,12440336.05,"2018-06-29:00:00"
2018-06-30,"BTC",6346.41,6423,6328.72,6390.07,8500159.88,"2018-06-30:00:00"
2018-07-01,"BTC",6374.64,6404.87,6350,6356.81,8323654.13,"2018-07-01:00:00"
2018-07-02,"BTC",6629.86,6629.92,6599.05,6615.29,5422419.48,"2018-07-02:00:00"
2018-07-03,"BTC",6482.31,6537.36,6463.01,6513.86,12863503.58,"2018-07-03:00:00"
2018-07-04,"BTC",6590.06,6600,6555,6586.98,7458451.11,"2018-07-04:00:00"
2018-07-05,"BTC",6537.8,6563.76,6518.47,6529.2,6707337.55,"2018-07-05:00:00"
2018-07-06,"BTC",6574.7,6617,6572.86,6609.78,6598985.76,"2018-07-06:00:00"
2018-07-07,"BTC",6575,6818.16,6569.18,6756.98,18070794.71,"2018-07-07:00:00"
2018-07-08,"BTC",6749,6749,6668,6712.1,12646182.33,"2018-07-08:00:00"
2018-07-09,"BTC",6696.44,6704.98,6612.24,6662.12,12406157.68,"2018-07-09:00:00"
2018-07-10,"BTC",6358.68,6364.4,6263,6296.91,14920417.84,"2018-07-10:00:00"
2018-07-11,"BTC",6360.11,6381.08,6353.61,6378.07,4655058.1,"2018-07-11:00:00"
2018-07-12,"BTC",6143.93,6274.44,6070,6250.57,16738335.16,"2018-07-12:00:00"
2018-07-13,"BTC",6220.12,6244.96,6199.11,6214.57,3112553.97,"2018-07-13:00:00"
2018-07-14,"BTC",6250.78,6265.07,6248.39,6251.99,3471018.59,"2018-07-14:00:00"
2018-07-15,"BTC",6364.95,6370,6344,6353.01,5711347.55,"2018-07-15:00:00"
2018-07-16,"BTC",6672.04,6747.3,6667.09,6723.35,9072640.52,"2018-07-16:00:00"
2018-07-17,"BTC",7317.09,7338,7299.98,7317.44,10357492.23,"2018-07-17:00:00"
2018-07-18,"BTC",7362.19,7394.23,7340,7381.9,12655439.9,"2018-07-18:00:00"
2018-07-19,"BTC",7485.95,7511.59,7421,7466.21,11222539.4,"2018-07-19:00:00"
2018-07-20,"BTC",7351.63,7360,7305.55,7337.53,7057525.75,"2018-07-20:00:00"
2018-07-21,"BTC",7425.02,7429.63,7398.77,7398.78,5307567.17,"2018-07-21:00:00"
2018-07-22,"BTC",7407.46,7419.43,7382.82,7394.79,7036236.47,"2018-07-22:00:00"
2018-07-23,"BTC",7730,7734.83,7699,7721.01,9501107.89,"2018-07-23:00:00"
2018-07-24,"BTC",8320,8486,8320,8397.24,25393526.78,"2018-07-24:00:00"
2018-07-25,"BTC",8270.86,8289.25,8162,8175.64,16670357.22,"2018-07-25:00:00"
2018-07-26,"BTC",7915,7958.21,7850.06,7920,28621068.32,"2018-07-26:00:00"
2018-07-27,"BTC",8258,8268.99,8128,8188.57,16195421.28,"2018-07-27:00:00"
2018-07-28,"BTC",8181.76,8246.54,8168.62,8225.04,9352349.31,"2018-07-28:00:00"
2018-07-29,"BTC",8200.46,8278.78,8200,8211,12665589.41,"2018-07-29:00:00"
2018-07-30,"BTC",8166.5,8200,8151,8173.92,8951072.37,"2018-07-30:00:00"
2018-07-31,"BTC",7698.97,7777,7633,7730.93,20439655.41,"2018-07-31:00:00"
2018-08-01,"BTC",7590,7625,7561.94,7611.64,8771667.31,"2018-08-01:00:00"
2018-08-02,"BTC",7546.48,7572.15,7524.2,7525.71,8836304.13,"2018-08-02:00:00"
2018-08-03,"BTC",7423.12,7432,7358,7418.78,11414551.78,"2018-08-03:00:00"
2018-08-04,"BTC",7008.26,7025,6990.98,7009.84,2022909.6,"2018-08-04:00:00"
2018-08-05,"BTC",7027.45,7047.52,7011,7024.19,7888480.85,"2018-08-05:00:00"
2018-08-06,"BTC",6875.99,6952.59,6875.84,6934.82,12628250.74,"2018-08-06:00:00"
2018-08-07,"BTC",6753.14,6753.14,6690.1,6720.06,15262813.15,"2018-08-07:00:00"
2018-08-08,"BTC",6261.42,6285.93,6215,6285,9911979.3,"2018-08-08:00:00"
2018-08-09,"BTC",6596.29,6597.99,6500.2,6529.79,16328273.79,"2018-08-09:00:00"
2018-08-10,"BTC",6092.5,6194.13,6056,6144.01,19654040.72,"2018-08-10:00:00"
2018-08-11,"BTC",6393,6404,6210.2,6232.35,12415337.99,"2018-08-11:00:00"
2018-08-12,"BTC",6336.61,6340.63,6286,6308.33,11512966.43,"2018-08-12:00:00"
2018-08-13,"BTC",6259.45,6291,6245,6246.35,7969523.76,"2018-08-13:00:00"
2018-08-14,"BTC",6120,6219.44,6103.54,6188.08,9469447.05,"2018-08-14:00:00"
2018-08-15,"BTC",6344.87,6349.19,6222.22,6267.16,18900682.05,"2018-08-15:00:00"
2018-08-16,"BTC",6272,6322.83,6259,6311.75,4409763.69,"2018-08-16:00:00"
2018-08-17,"BTC",6565.08,6585,6520.93,6584.49,12712682.29,"2018-08-17:00:00"
2018-08-18,"BTC",6392.02,6425,6366.9,6387.96,9975951.54,"2018-08-18:00:00"
2018-08-19,"BTC",6518.95,6520,6462,6477.53,17913926.61,"2018-08-19:00:00"
2018-08-20,"BTC",6297.68,6297.73,6220,6254.84,14445269.41,"2018-08-20:00:00"
2018-08-21,"BTC",6474.74,6491.83,6456.05,6480,3451376.73,"2018-08-21:00:00"
2018-08-22,"BTC",6351.23,6405.84,6325,6360.89,17107664.23,"2018-08-22:00:00"
2018-08-23,"BTC",6502.21,6534.89,6487.8,6525.01,7069208.32,"2018-08-23:00:00"
2018-08-24,"BTC",6671.65,6725,6663.54,6681.64,13398191.39,"2018-08-24:00:00"
2018-08-25,"BTC",6723.01,6770,6717,6733.64,4763020.91,"2018-08-25:00:00"
2018-08-26,"BTC",6690.99,6725,6677.99,6700,3492524.42,"2018-08-26:00:00"
2018-08-27,"BTC",6757.8,6940.51,6738.2,6908.64,22601634.82,"2018-08-27:00:00"
2018-08-28,"BTC",7081.91,7114.9,7058.01,7076.11,12043673.43,"2018-08-28:00:00"
2018-08-29,"BTC",7057.29,7060.75,7020,7031.22,8682489.17,"2018-08-29:00:00"
2018-08-30,"BTC",6943.12,6998.15,6924,6984.84,11878137.87,"2018-08-30:00:00"
2018-08-31,"BTC",7027.53,7054,6996,7011.21,8894997.78,"2018-08-31:00:00"
2018-09-01,"BTC",7193,7210.31,7186.68,7200.01,9749696.22,"2018-09-01:00:00"
2018-09-02,"BTC",7281.54,7313.23,7272.67,7302.01,8055658.21,"2018-09-02:00:00"
2018-09-03,"BTC",7260.35,7279,7225.89,7263.02,8947234.31,"2018-09-03:00:00"
2018-09-04,"BTC",7359.21,7364.67,7345,7359.06,8908735.07,"2018-09-04:00:00"
2018-09-05,"BTC",6909.42,6927.55,6682,6700,27091640.88,"2018-09-05:00:00"
2018-09-06,"BTC",6474.68,6544,6470.33,6516.01,13434250.05,"2018-09-06:00:00"
2018-09-07,"BTC",6398.01,6420.01,6380.01,6395.54,6859487.68,"2018-09-07:00:00"
2018-09-08,"BTC",6180.03,6194.98,6167.38,6185.05,6783074.47,"2018-09-08:00:00"
2018-09-09,"BTC",6252.91,6291,6235.08,6250.81,6331715.33,"2018-09-09:00:00"
2018-09-10,"BTC",6292.25,6320.58,6287.67,6312,8531783.25,"2018-09-10:00:00"
2018-09-11,"BTC",6300.04,6310.84,6272,6294.91,8339921.76,"2018-09-11:00:00"
2018-09-12,"BTC",6350,6353.48,6321.93,6338.62,7696301.49,"2018-09-12:00:00"
2018-09-13,"BTC",6475.89,6519,6474.88,6487.38,11427794.57,"2018-09-13:00:00"
2018-09-14,"BTC",6514.09,6528.99,6449.38,6476.63,10588514.09,"2018-09-14:00:00"
2018-09-15,"BTC",6517.95,6529.81,6514.95,6514.96,3513757.64,"2018-09-15:00:00"
2018-09-16,"BTC",6499.78,6507,6490,6505,4751751.67,"2018-09-16:00:00"
2018-09-17,"BTC",6249.01,6279.48,6247.21,6248.69,6587859.6,"2018-09-17:00:00"
2018-09-18,"BTC",6358.32,6363,6328.64,6336.45,7696439.72,"2018-09-18:00:00"
2018-09-19,"BTC",6386.75,6393.17,6373.11,6391.89,3580566.91,"2018-09-19:00:00"
2018-09-20,"BTC",6531.29,6540,6485,6492,13079037.15,"2018-09-20:00:00"
2018-09-21,"BTC",6737.86,6768.6,6729.94,6759.02,9217482.82,"2018-09-21:00:00"
2018-09-22,"BTC",6709.17,6735,6695.24,6723.05,2937010.11,"2018-09-22:00:00"
2018-09-23,"BTC",6718.22,6723.5,6702.09,6708,5321460.75,"2018-09-23:00:00"
2018-09-24,"BTC",6593.72,6596.99,6557,6581.39,8640578.08,"2018-09-24:00:00"
2018-09-25,"BTC",6398.47,6448,6384.09,6447.54,10039963.76,"2018-09-25:00:00"
2018-09-26,"BTC",6469.87,6493,6457.38,6465.12,6109700.34,"2018-09-26:00:00"
2018-09-27,"BTC",6674.87,6700,6672,6689.13,8999570.29,"2018-09-27:00:00"
2018-09-28,"BTC",6633.81,6654.54,6615.84,6634.58,6102526.38,"2018-09-28:00:00"
2018-09-29,"BTC",6606.54,6636,6579.47,6596.38,9117672.64,"2018-09-29:00:00"
2018-09-30,"BTC",6634.98,6650,6610.31,6626.57,6305353.09,"2018-09-30:00:00"
2018-10-01,"BTC",6594.38,6618.64,6575,6611.61,7141802.85,"2018-10-01:00:00"
2018-10-02,"BTC",6577.28,6581.34,6510.08,6525.79,5669926.72,"2018-10-02:00:00"
2018-10-03,"BTC",6482.58,6538.88,6478.8,6510,8564615.84,"2018-10-03:00:00"
2018-10-04,"BTC",6591.59,6600.01,6579.85,6593.79,1495087,"2018-10-04:00:00"
2018-10-05,"BTC",6633.33,6648.95,6620,6635.65,4774102.74,"2018-10-05:00:00"
2018-10-06,"BTC",6591.96,6598.21,6585,6594.27,6009571.6,"2018-10-06:00:00"
2018-10-07,"BTC",6590.02,6640,6581.79,6615.26,7592805.62,"2018-10-07:00:00"
2018-10-08,"BTC",6666.8,6683.52,6666.66,6673.01,1184539.37,"2018-10-08:00:00"
2018-10-09,"BTC",6666.03,6670,6655.4,6656.61,7099140.08,"2018-10-09:00:00"
2018-10-10,"BTC",6618.51,6637.3,6618.51,6631,2080919.47,"2018-10-10:00:00"
2018-10-11,"BTC",6291.48,6307.31,6205,6252.68,13530614.84,"2018-10-11:00:00"
2018-10-12,"BTC",6309.02,6319.01,6296.47,6298.01,3017963.81,"2018-10-12:00:00"
2018-10-13,"BTC",6333.3,6336.63,6324.01,6332.93,932982.54,"2018-10-13:00:00"
2018-10-14,"BTC",6363.35,6369.66,6308,6339.34,6728105.69,"2018-10-14:00:00"
2018-10-15,"BTC",6722.86,6783.38,6722.86,6752.5,6546078.01,"2018-10-15:00:00"
2018-10-16,"BTC",6727.5,6785.02,6720.38,6759.27,7851223.78,"2018-10-16:00:00"
2018-10-17,"BTC",6738,6747.13,6725.6,6740.89,1180605.35,"2018-10-17:00:00"
2018-10-18,"BTC",6601.96,6634.48,6594.69,6618.96,2048970.49,"2018-10-18:00:00"
2018-10-19,"BTC",6540.49,6548,6528.88,6528.88,7525080.29,"2018-10-19:00:00"
2018-10-20,"BTC",6590.01,6593.63,6571.34,6588.4,674811.58,"2018-10-20:00:00"
2018-10-21,"BTC",6590.65,6606.34,6580,6590.11,2830547.37,"2018-10-21:00:00"
2018-10-22,"BTC",6576.96,6585,6571.54,6581.2,3069792.16,"2018-10-22:00:00"
2018-10-23,"BTC",6547.48,6558.28,6545.2,6553.51,1964070.51,"2018-10-23:00:00"
2018-10-24,"BTC",6563.1,6570.85,6555,6565.5,2789503.57,"2018-10-24:00:00"
2018-10-25,"BTC",6557.42,6560,6528,6528.09,1506179.16,"2018-10-25:00:00"
2018-10-26,"BTC",6540,6542,6526.23,6538.63,1015455.31,"2018-10-26:00:00"
2018-10-27,"BTC",6502.97,6506.96,6497,6505.6,1357734.56,"2018-10-27:00:00"
2018-10-28,"BTC",6474.67,6505,6474.18,6489.93,2058845.4,"2018-10-28:00:00"
2018-10-29,"BTC",6346.5,6346.85,6339.3,6344.5,922465.23,"2018-10-29:00:00"
2018-10-30,"BTC",6324.55,6337.27,6323.01,6330.87,1560456.1,"2018-10-30:00:00"
2018-10-31,"BTC",6373.82,6380,6365,6371.93,1121893.06,"2018-10-31:00:00"
2018-11-01,"BTC",6401.29,6417.21,6400.01,6410,2363804.96,"2018-11-01:00:00"
2018-11-02,"BTC",6431.96,6445,6430.01,6433.98,1588578.56,"2018-11-02:00:00"
2018-11-03,"BTC",6385.06,6389,6378.04,6387.09,1593905.58,"2018-11-03:00:00"
2018-11-04,"BTC",6463.84,6487.89,6463.34,6485.85,1361826.79,"2018-11-04:00:00"
2018-11-05,"BTC",6462.01,6475,6455.23,6468.99,1687439.15,"2018-11-05:00:00"
2018-11-06,"BTC",6500,6531.31,6497.2,6519.11,3633167.09,"2018-11-06:00:00"
2018-11-07,"BTC",6575.92,6581.6,6575.86,6578.46,2031425.6,"2018-11-07:00:00"
2018-11-08,"BTC",6474.93,6485,6468.22,6479.84,3553919.52,"2018-11-08:00:00"
2018-11-09,"BTC",6418.56,6426.96,6416.02,6419.99,1500603.42,"2018-11-09:00:00"
2018-11-10,"BTC",6449.24,6451.54,6431.11,6433.05,1937847.51,"2018-11-10:00:00"
2018-11-11,"BTC",6410,6462.14,6404,6449.81,3523762.05,"2018-11-11:00:00"
2018-11-12,"BTC",6451.16,6458.91,6440.99,6453.07,1701977.08,"2018-11-12:00:00"
2018-11-13,"BTC",6477.34,6480.1,6457.66,6457.66,2248320.39,"2018-11-13:00:00"
2018-11-14,"BTC",5796.64,5925,5788.87,5922.41,11105927.48,"2018-11-14:00:00"
2018-11-15,"BTC",5665.94,5766.52,5658.8,5753.4,8015416.36,"2018-11-15:00:00"
2018-11-16,"BTC",5579.61,5668.91,5553.96,5655.94,10868829.43,"2018-11-16:00:00"
2018-11-17,"BTC",5610.59,5632.61,5610.22,5628.29,5310954.89,"2018-11-17:00:00"
2018-11-18,"BTC",5646.05,5662,5641.9,5662,4794344.94,"2018-11-18:00:00"
2018-11-19,"BTC",4942.75,4999,4910,4910.03,12590050.5,"2018-11-19:00:00"
2018-11-20,"BTC",4457.71,4596.77,4400,4558.86,23354274.51,"2018-11-20:00:00"
2018-11-21,"BTC",4615.03,4699.2,4590,4661.07,11293981.19,"2018-11-21:00:00"
2018-11-22,"BTC",4520,4520,4335,4370,14814213.94,"2018-11-22:00:00"
2018-11-23,"BTC",4450.51,4464.99,4410.93,4420.61,6497125.2,"2018-11-23:00:00"
2018-11-24,"BTC",3886.58,4094.88,3861.28,3932.44,26414843.11,"2018-11-24:00:00"
2018-11-25,"BTC",4068.74,4140,4053.85,4085.78,12116401.1,"2018-11-25:00:00"
2018-11-26,"BTC",3775.93,3880,3735,3862.2,10350237.07,"2018-11-26:00:00"
2018-11-27,"BTC",3906.72,3923.55,3860,3875.21,9839911.17,"2018-11-27:00:00"
2018-11-28,"BTC",4236.09,4279.9,4215.8,4264.85,12171912.98,"2018-11-28:00:00"
2018-11-29,"BTC",4273.3,4314.39,4265.39,4295.84,6989084.96,"2018-11-29:00:00"
2018-11-30,"BTC",4019.25,4058.8,4000.17,4041.32,6103151.26,"2018-11-30:00:00"
2018-12-01,"BTC",4223,4225.16,4185.11,4190.02,4120993.57,"2018-12-01:00:00"
2018-12-02,"BTC",4179.73,4196.01,4129,4161.01,6945664.73,"2018-12-02:00:00"
2018-12-03,"BTC",3902.54,3921.77,3879.79,3884.01,4532397.39,"2018-12-03:00:00"
2018-12-04,"BTC",3945.91,3959.99,3910,3951.64,4409457.9,"2018-12-04:00:00"
2018-12-05,"BTC",3779.53,3813.64,3752,3769.84,5777621.51,"2018-12-05:00:00"
2018-12-06,"BTC",3640.12,3686,3500,3508.75,18568360.49,"2018-12-06:00:00"
2018-12-07,"BTC",3411.6,3430,3374.25,3403.55,6498431.59,"2018-12-07:00:00"
2018-12-08,"BTC",3475,3485.5,3398.15,3410.93,13491522.09,"2018-12-08:00:00"
2018-12-09,"BTC",3531.29,3569,3527.81,3545.37,3348229.36,"2018-12-09:00:00"
2018-12-10,"BTC",3445.48,3449.95,3430.34,3432.88,2256769.51,"2018-12-10:00:00"
2018-12-11,"BTC",3388.66,3430.19,3370,3380.39,3942510.73,"2018-12-11:00:00"
2018-12-12,"BTC",3434.4,3452,3423.09,3445,2453255.31,"2018-12-12:00:00"
2018-12-13,"BTC",3301.97,3308.64,3281.62,3302.06,3267347.17,"2018-12-13:00:00"
2018-12-14,"BTC",3243.49,3247.49,3213.98,3224.17,3498734.47,"2018-12-14:00:00"
2018-12-15,"BTC",3225.66,3249,3205.01,3211.72,3647763.46,"2018-12-15:00:00"
2018-12-16,"BTC",3232.51,3241,3218,3228.67,2136458.49,"2018-12-16:00:00"
2018-12-17,"BTC",3482.28,3519.42,3477,3509.08,5867233.89,"2018-12-17:00:00"
2018-12-18,"BTC",3559.98,3678.59,3556.07,3652.98,25533800.97,"2018-12-18:00:00"
2018-12-19,"BTC",3694.98,3713.03,3653.25,3662.22,8655779.75,"2018-12-19:00:00"
2018-12-20,"BTC",4043.51,4084.19,4016.9,4049.62,12324803.93,"2018-12-20:00:00"
2018-12-21,"BTC",3818.98,3853.91,3800,3838.66,5872371.34,"2018-12-21:00:00"
2018-12-22,"BTC",3849.58,3979,3848.21,3948.91,13547369.49,"2018-12-22:00:00"
2018-12-23,"BTC",3938.27,3944.1,3910.33,3929.71,5085644.57,"2018-12-23:00:00"
2018-12-24,"BTC",4040.82,4061.13,3984.78,4008.01,6480297.63,"2018-12-24:00:00"
2018-12-25,"BTC",3725,3746,3693.45,3745.79,5744164.86,"2018-12-25:00:00"
2018-12-26,"BTC",3783.97,3800,3762.23,3777.74,4817602.95,"2018-12-26:00:00"
2018-12-27,"BTC",3564.43,3570,3535,3567.91,8014217.82,"2018-12-27:00:00"
2018-12-28,"BTC",3817.36,3851.54,3805,3839.26,5072401.47,"2018-12-28:00:00"
2018-12-29,"BTC",3846.82,3884,3670,3695.32,11569085.89,"2018-12-29:00:00"
2018-12-30,"BTC",3794.93,3812.54,3776.06,3801.91,4425239.09,"2018-12-30:00:00"
2018-12-31,"BTC",3686.43,3707.5,3684.22,3702.9,3895684.68,"2018-12-31:00:00"
2019-01-01,"BTC",3711.2,3810.16,3706.43,3797.14,11378541.42,"2019-01-01:00:00"
2019-01-02,"BTC",3862.12,3882.14,3851,3858.56,7749573.79,"2019-01-02:00:00"
2019-01-03,"BTC",3773.79,3775.53,3757.87,3766.78,1896781.71,"2019-01-03:00:00"
2019-01-04,"BTC",3790.98,3800.98,3787.57,3792.01,2677983.04,"2019-01-04:00:00"
2019-01-05,"BTC",3786.62,3786.63,3766.14,3770.96,3053908.99,"2019-01-05:00:00"
2019-01-06,"BTC",3970.36,4009.63,3970.36,3987.6,4675641.3,"2019-01-06:00:00"
2019-01-07,"BTC",3964.81,3978.97,3954.19,3975.45,3033100.58,"2019-01-07:00:00"
2019-01-08,"BTC",3967.83,3971.4,3930,3955.13,5829085.26,"2019-01-08:00:00"
2019-01-09,"BTC",3967.4,3973.55,3961.88,3966.65,2726143.71,"2019-01-09:00:00"
2019-01-10,"BTC",3583.43,3597.72,3577.05,3585.88,4711446.53,"2019-01-10:00:00"
2019-01-11,"BTC",3578.85,3615,3526.98,3601.31,10633022.37,"2019-01-11:00:00"
2019-01-12,"BTC",3580.01,3590.71,3563.01,3583.13,4039344.47,"2019-01-12:00:00"
2019-01-13,"BTC",3470.51,3477.56,3457.2,3476.81,2347005.69,"2019-01-13:00:00"
2019-01-14,"BTC",3622.86,3635.99,3620,3626.09,3052551.42,"2019-01-14:00:00"
2019-01-15,"BTC",3543.97,3565.1,3542.43,3553.06,3614191.28,"2019-01-15:00:00"
2019-01-16,"BTC",3579.89,3598.98,3578,3591.84,2060369.66,"2019-01-16:00:00"
2019-01-17,"BTC",3606.82,3626.79,3604.88,3616.21,4870454.48,"2019-01-17:00:00"
2019-01-18,"BTC",3598.68,3605.92,3588.5,3594.87,1812003.55,"2019-01-18:00:00"
2019-01-19,"BTC",3678.14,3679.39,3665.3,3665.3,1514959.22,"2019-01-19:00:00"
2019-01-20,"BTC",3546.2,3547.77,3524,3539.28,1950118.96,"2019-01-20:00:00"
2019-01-21,"BTC",3522.14,3534.34,3521.81,3526.9,2639135.67,"2019-01-21:00:00"
2019-01-22,"BTC",3577.99,3582.01,3564.01,3570.93,1854582.32,"2019-01-22:00:00"
2019-01-23,"BTC",3552,3554.5,3541.13,3552.82,2033830.58,"2019-01-23:00:00"
2019-01-24,"BTC",3566.65,3577.27,3553.88,3569.62,2963932.14,"2019-01-24:00:00"
2019-01-25,"BTC",3569.03,3571.44,3564.15,3565.29,1088256.89,"2019-01-25:00:00"
2019-01-26,"BTC",3574.18,3575,3562.11,3565.25,1401321.83,"2019-01-26:00:00"
2019-01-27,"BTC",3560.72,3562.6,3546.03,3550.84,1732460.68,"2019-01-27:00:00"
2019-01-28,"BTC",3435.07,3445.99,3433.01,3434.15,3146883.92,"2019-01-28:00:00"
2019-01-29,"BTC",3409.89,3418.13,3404.01,3411.04,2772309.26,"2019-01-29:00:00"
2019-01-30,"BTC",3468.37,3469,3452,3458.18,1827560.51,"2019-01-30:00:00"
2019-01-31,"BTC",3445.65,3447,3425.36,3434.1,3699307.7,"2019-01-31:00:00"
2019-02-01,"BTC",3475.3,3486.63,3461.29,3462.07,2116877.12,"2019-02-01:00:00"
2019-02-02,"BTC",3467.14,3526.4,3462.55,3504.77,8436245.71,"2019-02-02:00:00"
2019-02-03,"BTC",3450.86,3466.55,3445.3,3458.11,3348033.64,"2019-02-03:00:00"
2019-02-04,"BTC",3460.25,3468.78,3455.41,3463.22,2986344.71,"2019-02-04:00:00"
2019-02-05,"BTC",3462.37,3472,3458.29,3471.59,2502081.21,"2019-02-05:00:00"
2019-02-06,"BTC",3405.88,3409.26,3402.16,3405.37,2292693.16,"2019-02-06:00:00"
2019-02-07,"BTC",3401.01,3401.21,3391.18,3398.4,1189632.71,"2019-02-07:00:00"
2019-02-08,"BTC",3633.64,3665,3630.6,3659.04,3890073.74,"2019-02-08:00:00"
2019-02-09,"BTC",3660.37,3673,3657.2,3665.18,1516716.16,"2019-02-09:00:00"
2019-02-10,"BTC",3658.9,3684.99,3651.93,3680.06,8869423.04,"2019-02-10:00:00"
2019-02-11,"BTC",3638.03,3638.39,3624.88,3631.05,2370822.12,"2019-02-11:00:00"
2019-02-12,"BTC",3620.64,3638.85,3620.43,3631.46,2972032.1,"2019-02-12:00:00"
2019-02-13,"BTC",3605.81,3613.78,3603.18,3609.4,1600868.87,"2019-02-13:00:00"
2019-02-14,"BTC",3593.6,3597.64,3588,3590.56,1297151.39,"2019-02-14:00:00"
2019-02-15,"BTC",3600.07,3603.16,3590,3602.47,1329913.27,"2019-02-15:00:00"
2019-02-16,"BTC",3628.44,3629.63,3615,3618.41,2931902.71,"2019-02-16:00:00"
2019-02-17,"BTC",3641.27,3685,3640.98,3667.58,7584211,"2019-02-17:00:00"
2019-02-18,"BTC",3889.28,3903,3882.25,3898.6,3308476.02,"2019-02-18:00:00"
2019-02-19,"BTC",3935.76,3936.49,3902.22,3907.79,5661113.55,"2019-02-19:00:00"
2019-02-20,"BTC",3958.94,3980,3954,3969.74,5708049.37,"2019-02-20:00:00"
2019-02-21,"BTC",3918.46,3939.18,3918,3937.31,2340708.39,"2019-02-21:00:00"
2019-02-22,"BTC",3969.22,3975.25,3961.31,3962,2160836.71,"2019-02-22:00:00"
2019-02-23,"BTC",4118.87,4123.61,4106.92,4117.76,2720806,"2019-02-23:00:00"
2019-02-24,"BTC",3769.14,3790.96,3740.11,3743.56,4935571.29,"2019-02-24:00:00"
2019-02-25,"BTC",3837.22,3846.54,3826.95,3827.92,3990697.02,"2019-02-25:00:00"
2019-02-26,"BTC",3812,3812.46,3804.09,3809.23,2002993.83,"2019-02-26:00:00"
2019-02-27,"BTC",3791.73,3826.34,3787.66,3818.07,7357121.49,"2019-02-27:00:00"
2019-02-28,"BTC",3819.52,3825.92,3811.49,3813.69,2108396.24,"2019-02-28:00:00"
2019-03-01,"BTC",3829.32,3840,3819.37,3823,3366203.51,"2019-03-01:00:00"
2019-03-02,"BTC",3817.03,3823.24,3817.01,3819.93,1414999.52,"2019-03-02:00:00"
2019-03-03,"BTC",3803.48,3809.82,3782.22,3807.75,2754233.03,"2019-03-03:00:00"
2019-03-04,"BTC",3704.98,3719.53,3696.72,3715.3,2700580.88,"2019-03-04:00:00"
2019-03-05,"BTC",3847.4,3860.34,3841.01,3857.73,2578923.79,"2019-03-05:00:00"
2019-03-06,"BTC",3865.41,3868,3857.66,3861.84,2047460.88,"2019-03-06:00:00"
2019-03-07,"BTC",3875.01,3878.66,3862.32,3873.64,1998663.93,"2019-03-07:00:00"
2019-03-08,"BTC",3851.35,3874.18,3843.7,3864.89,9721003.89,"2019-03-08:00:00"
2019-03-09,"BTC",3924.04,3946.45,3923.75,3943.04,3290220.57,"2019-03-09:00:00"
2019-03-10,"BTC",3919.17,3927.63,3913.36,3916.82,2541968.21,"2019-03-10:00:00"
2019-03-11,"BTC",3868.08,3876.01,3860.75,3871.61,4670269.22,"2019-03-11:00:00"
2019-03-12,"BTC",3886.16,3887.57,3874.03,3882.73,2882115.95,"2019-03-12:00:00"
2019-03-13,"BTC",3863.15,3873,3857.35,3866,2035822.75,"2019-03-13:00:00"
2019-03-14,"BTC",3876.54,3881,3873.54,3877.12,1704915.85,"2019-03-14:00:00"
2019-03-15,"BTC",3914.8,3929.78,3914.25,3923.76,1969377.95,"2019-03-15:00:00"
2019-03-16,"BTC",4003.88,4008.93,4000.97,4005.98,2426751.2,"2019-03-16:00:00"
2019-03-17,"BTC",3985.97,3986.72,3980.03,3981.14,2986432.8,"2019-03-17:00:00"
2019-03-18,"BTC",3992.01,3992.7,3982.04,3987.81,1729859.49,"2019-03-18:00:00"
2019-03-19,"BTC",4007.98,4020,4007.43,4015.53,1462422.84,"2019-03-19:00:00"
2019-03-20,"BTC",4041.27,4044.69,4029.86,4043.04,2875297.34,"2019-03-20:00:00"
2019-03-21,"BTC",3982.21,3988.6,3978.55,3980.64,2132927.28,"2019-03-21:00:00"
2019-03-22,"BTC",3990.94,3994.99,3986.49,3986.93,1380782.73,"2019-03-22:00:00"
2019-03-23,"BTC",3995.35,4007.9,3994.43,4006.01,2305073.42,"2019-03-23:00:00"
2019-03-24,"BTC",3986.57,3994.62,3985,3992.18,1588845.96,"2019-03-24:00:00"
2019-03-25,"BTC",3936,3946.82,3928.39,3936.12,3242746.26,"2019-03-25:00:00"
2019-03-26,"BTC",3935.08,3952,3931.06,3948.55,3761363.57,"2019-03-26:00:00"
2019-03-27,"BTC",4027.79,4048,4026.7,4038.05,5396711.25,"2019-03-27:00:00"
2019-03-28,"BTC",4024.21,4030,4022,4027.81,1766749.47,"2019-03-28:00:00"
2019-03-29,"BTC",4093.45,4108.85,4090,4103.25,3496883.94,"2019-03-29:00:00"
2019-03-30,"BTC",4099.46,4107.74,4095,4106.97,1978530.59,"2019-03-30:00:00"
2019-03-31,"BTC",4106.95,4109.5,4102.42,4103.95,1449773.84,"2019-03-31:00:00"
2019-04-01,"BTC",4146.77,4153.26,4143.27,4144.56,2144557.7,"2019-04-01:00:00"
2019-04-02,"BTC",4791.79,4897.99,4771.05,4857.29,28643858.91,"2019-04-02:00:00"
2019-04-03,"BTC",5034.92,5034.92,4760,4932.6,48837619.98,"2019-04-03:00:00"
2019-04-04,"BTC",4856.36,4908.28,4856.36,4898.66,5340060.15,"2019-04-04:00:00"
2019-04-05,"BTC",5008.12,5016,4982.67,5004.95,4436136,"2019-04-05:00:00"
2019-04-06,"BTC",5026.76,5070,5019.13,5043.89,4569135.25,"2019-04-06:00:00"
2019-04-07,"BTC",5159.03,5193.24,5130,5170.27,14240700.56,"2019-04-07:00:00"
2019-04-08,"BTC",5220.96,5250,5180.09,5236.9,6706040.52,"2019-04-08:00:00"
2019-04-09,"BTC",5153.2,5173.47,5141.08,5150,3976850.85,"2019-04-09:00:00"
2019-04-10,"BTC",5275.22,5310,5275.18,5308.25,5174993.98,"2019-04-10:00:00"
2019-04-11,"BTC",5018.95,5040,5010.99,5017.37,3830487.19,"2019-04-11:00:00"
2019-04-12,"BTC",5065.31,5068.99,5046.23,5048.01,2345693.2,"2019-04-12:00:00"
2019-04-13,"BTC",5046.99,5065.17,5045.15,5045.22,1770960.07,"2019-04-13:00:00"
2019-04-14,"BTC",5130.82,5149.53,5110,5131.3,6041911.83,"2019-04-14:00:00"
2019-04-15,"BTC",5040.86,5054.22,5024.14,5024.95,3662730.33,"2019-04-15:00:00"
2019-04-16,"BTC",5164,5188,5163.6,5173.72,3861981.25,"2019-04-16:00:00"
2019-04-17,"BTC",5201.11,5210,5185.14,5202.82,2468831.23,"2019-04-17:00:00"
2019-04-18,"BTC",5252.18,5262.76,5226,5258.44,3818701.77,"2019-04-18:00:00"
2019-04-19,"BTC",5253.11,5271.88,5248.47,5258.68,2413685.19,"2019-04-19:00:00"
2019-04-20,"BTC",5269.2,5299.37,5268.49,5291.73,7040293.46,"2019-04-20:00:00"
2019-04-21,"BTC",5252,5273.13,5235,5256.14,2921970.62,"2019-04-21:00:00"
2019-04-22,"BTC",5373.19,5374.13,5343.6,5357.14,3761874.84,"2019-04-22:00:00"
2019-04-23,"BTC",5536.32,5544.31,5490.94,5493.31,8092763.76,"2019-04-23:00:00"
2019-04-24,"BTC",5413.34,5419,5386.09,5415,4242753.93,"2019-04-24:00:00"
2019-04-25,"BTC",5215,5268,5179.15,5219.9,26934868,"2019-04-25:00:00"
2019-04-26,"BTC",5309.91,5329.45,5280,5314.1,4367269.7,"2019-04-26:00:00"
2019-04-27,"BTC",5324.05,5329.6,5286.06,5295.69,2804971.94,"2019-04-27:00:00"
2019-04-28,"BTC",5313.03,5316.8,5296.16,5307.52,2046478.06,"2019-04-28:00:00"
2019-04-29,"BTC",5214.74,5246.92,5210.82,5238.14,2944277.85,"2019-04-29:00:00"
2019-04-30,"BTC",5337,5337.92,5310,5320.81,3646121.27,"2019-04-30:00:00"
2019-05-01,"BTC",5367.01,5393.54,5365.54,5383.2,2035564.06,"2019-05-01:00:00"
2019-05-02,"BTC",5497.68,5511.99,5490,5492.87,4400245.21,"2019-05-02:00:00"
2019-05-03,"BTC",5782.16,5783.84,5753.47,5772.69,3798452.04,"2019-05-03:00:00"
2019-05-04,"BTC",5860.5,5874.34,5816.51,5829.45,7594145.26,"2019-05-04:00:00"
2019-05-05,"BTC",5765,5799.53,5763.73,5775.62,1977289.18,"2019-05-05:00:00"
2019-05-06,"BTC",5766.05,5769.03,5740.48,5747.79,2264632.56,"2019-05-06:00:00"
2019-05-07,"BTC",5956.45,5969.22,5820,5846.34,18097635.49,"2019-05-07:00:00"
2019-05-08,"BTC",5983.69,6014.72,5910.01,5987.29,12211290.7,"2019-05-08:00:00"
2019-05-09,"BTC",6217.13,6224.55,6160,6209.18,6934368.28,"2019-05-09:00:00"
2019-05-10,"BTC",6417.01,6418.8,6365.64,6373.33,4590284.05,"2019-05-10:00:00"
2019-05-11,"BTC",7150.03,7343.99,7056,7076.22,43939744.63,"2019-05-11:00:00"
2019-05-12,"BTC",6984.79,6987.97,6870.04,6967.31,15043595.19,"2019-05-12:00:00"
2019-05-13,"BTC",7880.34,7884,7568,7790.71,56476545.45,"2019-05-13:00:00"
2019-05-14,"BTC",7909.54,7999.99,7830.06,7947.56,15844639.05,"2019-05-14:00:00"
2019-05-15,"BTC",8157.14,8249,8124.95,8169.87,21984521.33,"2019-05-15:00:00"
2019-05-16,"BTC",7828.42,7886,7811.01,7866.59,9510317.13,"2019-05-16:00:00"
2019-05-17,"BTC",7240.69,7375,7231.17,7355.26,17181886.66,"2019-05-17:00:00"
2019-05-18,"BTC",7290.75,7321.72,7236,7257.45,9110561.95,"2019-05-18:00:00"
2019-05-19,"BTC",8188.72,8275.09,8110.02,8148.48,33221758.62,"2019-05-19:00:00"
2019-05-20,"BTC",7871.15,7959,7866.87,7938.15,14285054.82,"2019-05-20:00:00"
2019-05-21,"BTC",7930,7967,7900,7904.87,8185378.44,"2019-05-21:00:00"
2019-05-22,"BTC",7715.02,7730.72,7615,7628.43,16176908.49,"2019-05-22:00:00"
2019-05-23,"BTC",7868.73,7908,7816,7851.51,16711811.26,"2019-05-23:00:00"
2019-05-24,"BTC",8010.6,8011.76,7892,7964.87,17992521.81,"2019-05-24:00:00"
2019-05-25,"BTC",8050,8052.6,7995.99,8025.41,6773889.25,"2019-05-25:00:00"
2019-05-26,"BTC",8595.95,8676.6,8562,8614.43,22175471.79,"2019-05-26:00:00"
2019-05-27,"BTC",8763.68,8823.52,8735,8756.32,14820948.03,"2019-05-27:00:00"
2019-05-28,"BTC",8709.58,8740,8682.37,8715.64,6039319.8,"2019-05-28:00:00"
2019-05-29,"BTC",8656,8674,8604.26,8645.68,6794027.7,"2019-05-29:00:00"
2019-05-30,"BTC",8261.86,8315,8202.46,8269.54,20959752.58,"2019-05-30:00:00"
2019-05-31,"BTC",8513.84,8594,8510.53,8555,13478203.2,"2019-05-31:00:00"
2019-06-01,"BTC",8577.11,8593.91,8500.25,8544.07,9640180.36,"2019-06-01:00:00"
2019-06-02,"BTC",8732.25,8756.28,8708.48,8725.98,5064019.17,"2019-06-02:00:00"
2019-06-03,"BTC",8470.9,8474.39,8080.8,8115.82,51047666.35,"2019-06-03:00:00"
2019-06-04,"BTC",7656.1,7700,7630.73,7687.03,9723657.13,"2019-06-04:00:00"
2019-06-05,"BTC",7774.68,7820,7759.01,7776.5,8674929.27,"2019-06-05:00:00"
2019-06-06,"BTC",7716.04,7807,7699.21,7786.7,12108428.74,"2019-06-06:00:00"
2019-06-07,"BTC",8006,8055,7968.87,7980.53,7488860.34,"2019-06-07:00:00"
2019-06-08,"BTC",7916.74,7943.72,7888.32,7893.62,5067639.72,"2019-06-08:00:00"
2019-06-09,"BTC",7584.42,7660,7540,7628.13,9645643.48,"2019-06-09:00:00"
2019-06-10,"BTC",7920.33,7989.89,7915.96,7982.75,7129708.12,"2019-06-10:00:00"
2019-06-11,"BTC",7869.55,7929.78,7866.35,7884.9,7376691.65,"2019-06-11:00:00"
2019-06-12,"BTC",8111.8,8135,8075.67,8127.64,7849050.1,"2019-06-12:00:00"
2019-06-13,"BTC",8237.21,8257.83,8180.3,8218.54,9114764.47,"2019-06-13:00:00"
2019-06-14,"BTC",8620.18,8684.41,8594.85,8650,12692529.18,"2019-06-14:00:00"
2019-06-15,"BTC",8799.26,8842.48,8776.67,8808.7,7806178.48,"2019-06-15:00:00"
2019-06-16,"BTC",9053.1,9070,8944.02,8953.33,10851485.14,"2019-06-16:00:00"
2019-06-17,"BTC",9320.42,9444,9260,9313.96,38428406.7,"2019-06-17:00:00"
2019-06-18,"BTC",9017.55,9100,8971.74,9081.55,9586016.32,"2019-06-18:00:00"
2019-06-19,"BTC",9245,9304,9233.34,9255.49,11396378.97,"2019-06-19:00:00"
2019-06-20,"BTC",9537.19,9575,9490.59,9517.12,10401948.68,"2019-06-20:00:00"
2019-06-21,"BTC",9903.54,10174.99,9894.57,10159.86,60333280.11,"2019-06-21:00:00"
2019-06-22,"BTC",10515,10787.11,10505.7,10729.5,30392507.88,"2019-06-22:00:00"
2019-06-23,"BTC",10936.17,10940.35,10780,10906.07,49366356.11,"2019-06-23:00:00"
2019-06-24,"BTC",11035,11071.63,10982,11056.59,10438625.87,"2019-06-24:00:00"
2019-06-25,"BTC",11718.17,11850,11675,11820.86,40774483.93,"2019-06-25:00:00"
2019-06-26,"BTC",13050.15,13142,13050.15,13093.8,8977037.01,"2019-06-26:00:00"
2019-06-27,"BTC",11277.93,11566,11114.27,11329.99,81154283.41,"2019-06-27:00:00"
2019-06-28,"BTC",12375.82,12480,12307.51,12400.63,34647600.46,"2019-06-28:00:00"
2019-06-29,"BTC",12072.02,12088.76,11826.92,11903.13,22587397.17,"2019-06-29:00:00"
2019-06-30,"BTC",11011.7,11096.09,10766.03,10854.1,78674510.89,"2019-06-30:00:00"
2019-07-01,"BTC",10500.06,10700,10497.28,10624.93,26295295.05,"2019-07-01:00:00"
2019-07-02,"BTC",10819.06,10863,10692,10842.85,21774432.1,"2019-07-02:00:00"
2019-07-03,"BTC",11886.69,11991.89,11755.02,11940,71159204.33,"2019-07-03:00:00"
2019-07-04,"BTC",11599.5,11617.94,11055,11145.67,76220859.47,"2019-07-04:00:00"
2019-07-05,"BTC",10934.76,11048.89,10820,10970.73,21159697.82,"2019-07-05:00:00"
2019-07-06,"BTC",11237.62,11265,11170,11256.49,14295657.6,"2019-07-06:00:00"
2019-07-07,"BTC",11367.21,11438.48,11353.71,11406.24,8277180.31,"2019-07-07:00:00"
2019-07-08,"BTC",12271.27,12338.03,12206.48,12238.6,26709437.06,"2019-07-08:00:00"
2019-07-09,"BTC",12551.43,12613.63,12500,12543.41,16359645.57,"2019-07-09:00:00"
2019-07-10,"BTC",12079.35,12212.29,12027.94,12108.37,26538980.68,"2019-07-10:00:00"
2019-07-11,"BTC",11319.32,11386.06,11192,11342.89,31145476.01,"2019-07-11:00:00"
2019-07-12,"BTC",11758.33,11817.64,11728.77,11757.22,11272102.07,"2019-07-12:00:00"
2019-07-13,"BTC",11259.11,11394.54,11211,11355.76,17097505.67,"2019-07-13:00:00"
2019-07-14,"BTC",10490.28,10490.28,10103,10174.18,53240751.69,"2019-07-14:00:00"
2019-07-15,"BTC",10919.74,11100,10803.7,10838.72,45187011.9,"2019-07-15:00:00"
2019-07-16,"BTC",9470.02,9545,9350.01,9439.59,49873324.31,"2019-07-16:00:00"
2019-07-17,"BTC",9706.63,9718.26,9552.89,9667.92,23664579.89,"2019-07-17:00:00"
2019-07-18,"BTC",10572.7,10788,10570,10627.16,33838773.58,"2019-07-18:00:00"
2019-07-19,"BTC",10464.99,10550,10464.99,10504.29,7764080.41,"2019-07-19:00:00"
2019-07-20,"BTC",10973,11068.99,10656.85,10740.23,57359807.46,"2019-07-20:00:00"
2019-07-21,"BTC",10552.29,10640,10528.14,10589.45,8175265.08,"2019-07-21:00:00"
2019-07-22,"BTC",10300,10375,10295.66,10340.31,6137644.6,"2019-07-22:00:00"
2019-07-23,"BTC",10031.04,10034.05,9822,9864.91,35249958.96,"2019-07-23:00:00"
2019-07-24,"BTC",9760.7,9848,9752.1,9763.28,9726832.06,"2019-07-24:00:00"
2019-07-25,"BTC",9905.07,9933.23,9856.07,9879.87,6344609.85,"2019-07-25:00:00"
2019-07-26,"BTC",9776.05,9845,9770.02,9824,7859282.94,"2019-07-26:00:00"
2019-07-27,"BTC",9453.13,9540,9422.38,9476.52,10025700.27,"2019-07-27:00:00"
2019-07-28,"BTC",9500,9550,9445,9541.54,34300148.84,"2019-07-28:00:00"
2019-07-29,"BTC",9532.3,9542.99,9450,9507.64,11608340.11,"2019-07-29:00:00"
2019-07-30,"BTC",9561.64,9595.01,9555.67,9574.21,4347753.1,"2019-07-30:00:00"
2019-07-31,"BTC",10000.83,10091.73,9991.51,10080.53,9851910.93,"2019-07-31:00:00"
2019-08-01,"BTC",10374.88,10407.86,10353.55,10374.99,15728978.71,"2019-08-01:00:00"
2019-08-02,"BTC",10515.16,10545,10494.11,10523.75,9526612.22,"2019-08-02:00:00"
2019-08-03,"BTC",10820.62,10826,10775.47,10816.86,5003605.68,"2019-08-03:00:00"
2019-08-04,"BTC",10944.47,10979.61,10901,10929.23,21325804.56,"2019-08-04:00:00"
2019-08-05,"BTC",11809.84,11850,11760,11828.8,12694547.16,"2019-08-05:00:00"
2019-08-06,"BTC",11322.55,11515,11292.73,11481.69,28055237.16,"2019-08-06:00:00"
2019-08-07,"BTC",11971.58,12016.02,11827.04,11975.03,24445398.05,"2019-08-07:00:00"
2019-08-08,"BTC",11848.39,12060,11844.02,11999.77,54257568.63,"2019-08-08:00:00"
2019-08-09,"BTC",11845,11901.36,11842.87,11879.99,8207614.58,"2019-08-09:00:00"
2019-08-10,"BTC",11323.43,11368.19,11307.92,11309.31,6342057.6,"2019-08-10:00:00"
2019-08-11,"BTC",11514.18,11599.98,11441.01,11549.97,15674811.19,"2019-08-11:00:00"
2019-08-12,"BTC",11418.78,11426.83,11380.39,11396.08,3909560.13,"2019-08-12:00:00"
2019-08-13,"BTC",10897.12,10942.67,10880.01,10892.71,6322216.18,"2019-08-13:00:00"
2019-08-14,"BTC",10240.07,10253.66,9928.1,10050.37,43813743.42,"2019-08-14:00:00"
2019-08-15,"BTC",10395.92,10460,10240.09,10293.93,20759442.72,"2019-08-15:00:00"
2019-08-16,"BTC",10389.91,10434,10277,10331.54,10680108.13,"2019-08-16:00:00"
2019-08-17,"BTC",10236.13,10250,10178.57,10216.02,7675459.61,"2019-08-17:00:00"
2019-08-18,"BTC",10345.91,10360,10285.11,10306.78,5933721.41,"2019-08-18:00:00"
2019-08-19,"BTC",10770.09,10930,10770.09,10915.54,24490996.67,"2019-08-19:00:00"
2019-08-20,"BTC",10829.65,10842.03,10725,10760.51,8102968.96,"2019-08-20:00:00"
2019-08-21,"BTC",10072.45,10147.05,9980,10142.57,13561742.9,"2019-08-21:00:00"
2019-08-22,"BTC",10158.54,10169.25,10090.88,10099.88,6650569.5,"2019-08-22:00:00"
2019-08-23,"BTC",10367.23,10405.23,10351,10389.55,6169530.22,"2019-08-23:00:00"
2019-08-24,"BTC",10169.73,10190.16,10103.93,10134.35,9576966.94,"2019-08-24:00:00"
2019-08-25,"BTC",10062.19,10179,10057.68,10142.69,9262501.33,"2019-08-25:00:00"
2019-08-26,"BTC",10338.02,10412,10333.04,10372.25,14028701.4,"2019-08-26:00:00"
2019-08-27,"BTC",10141.23,10211.98,10138.78,10185.05,5842465.51,"2019-08-27:00:00"
2019-08-28,"BTC",9746.27,9766.07,9704.97,9721,9869538.27,"2019-08-28:00:00"
2019-08-29,"BTC",9478.51,9516.86,9447.11,9498.44,7050899.95,"2019-08-29:00:00"
2019-08-30,"BTC",9594.57,9638,9555,9584.54,6399728.55,"2019-08-30:00:00"
2019-08-31,"BTC",9611.62,9622.48,9576,9587.47,4450506.41,"2019-08-31:00:00"
2019-09-01,"BTC",9773.63,9795.58,9708.15,9724.98,28372288.67,"2019-09-01:00:00"
2019-09-02,"BTC",10356.74,10380.12,10258.34,10340,18316657.09,"2019-09-02:00:00"
2019-09-03,"BTC",10692.35,10694.44,10468.06,10615.28,41292885.98,"2019-09-03:00:00"
2019-09-04,"BTC",10549.59,10585.07,10510.89,10567.02,15243872.35,"2019-09-04:00:00"
2019-09-05,"BTC",10572.2,10607.69,10555,10564.49,10695825.84,"2019-09-05:00:00"
2019-09-06,"BTC",10326.12,10349.88,10266.76,10298.73,13966972.33,"2019-09-06:00:00"
2019-09-07,"BTC",10473.32,10480.89,10450,10455.88,4459007.42,"2019-09-07:00:00"
2019-09-08,"BTC",10378.09,10408.21,10363.62,10381.18,5872411.61,"2019-09-08:00:00"
2019-09-09,"BTC",10333.31,10370.71,10302,10303.12,9252288.4,"2019-09-09:00:00"
2019-09-10,"BTC",10089.02,10129.4,10041.2,10098.15,9548180.54,"2019-09-10:00:00"
2019-09-11,"BTC",10145.29,10169,10102.23,10158.33,7717720.68,"2019-09-11:00:00"
2019-09-12,"BTC",10386.02,10415.57,10356.18,10415.01,9988032.58,"2019-09-12:00:00"
2019-09-13,"BTC",10280.42,10369.23,10257.96,10342.06,19898788.15,"2019-09-13:00:00"
2019-09-14,"BTC",10337.27,10350,10327.55,10335.02,3420292.21,"2019-09-14:00:00"
2019-09-15,"BTC",10298.89,10315,10297.36,10302.01,3021827.95,"2019-09-15:00:00"
2019-09-16,"BTC",10285.61,10288,10226.53,10251.31,6785876.65,"2019-09-16:00:00"
2019-09-17,"BTC",10225.96,10238.45,10169,10187.82,10036533.6,"2019-09-17:00:00"
2019-09-18,"BTC",10174.49,10184.28,10151.93,10156.99,5547767.76,"2019-09-18:00:00"
2019-09-19,"BTC",10209.45,10257.58,10203.61,10244.29,13563673.48,"2019-09-19:00:00"
2019-09-20,"BTC",10136.02,10187,10132.2,10168.59,6854116.78,"2019-09-20:00:00"
2019-09-21,"BTC",9980.01,10016.93,9976.45,9986.39,4835182.36,"2019-09-21:00:00"
2019-09-22,"BTC",10041.95,10075.77,10018.71,10028.87,5346330.4,"2019-09-22:00:00"
2019-09-23,"BTC",9716.3,9739.72,9673.7,9702.25,11807090.45,"2019-09-23:00:00"
2019-09-24,"BTC",8546.73,8585.88,8451.01,8493.14,8215030.66,"2019-09-24:00:00"
2019-09-25,"BTC",8434.94,8458.99,8328,8430.05,18341280.82,"2019-09-25:00:00"
2019-09-26,"BTC",8116.6,8134,8051,8063.73,12473828.34,"2019-09-26:00:00"
2019-09-27,"BTC",8172.57,8194.82,8136.01,8177.91,11720557.12,"2019-09-27:00:00"
2019-09-28,"BTC",8144.25,8231.98,8129.16,8198.81,13753940.54,"2019-09-28:00:00"
2019-09-29,"BTC",8074.67,8096.01,8038.48,8043.82,4838005.13,"2019-09-29:00:00"
2019-09-30,"BTC",8218.58,8295,8217.93,8289.34,7358451.87,"2019-09-30:00:00"
2019-10-01,"BTC",8326.38,8365,8265.08,8292.44,6865400.58,"2019-10-01:00:00"
2019-10-02,"BTC",8266.64,8373.91,8266.01,8359.94,20354573.6,"2019-10-02:00:00"
2019-10-03,"BTC",8198.54,8280,8195.24,8223.96,16265278.89,"2019-10-03:00:00"
2019-10-04,"BTC",8169.02,8169.02,8132,8137.13,3427609.26,"2019-10-04:00:00"
2019-10-05,"BTC",8121.28,8133.44,8102,8126.19,4907733.64,"2019-10-05:00:00"
2019-10-06,"BTC",7845.72,7876.68,7800.52,7854.25,12766400.47,"2019-10-06:00:00"
2019-10-07,"BTC",8230.45,8255.44,8181,8190.09,10325933.45,"2019-10-07:00:00"
2019-10-08,"BTC",8191.17,8206.12,8159.43,8168.39,7194160.36,"2019-10-08:00:00"
2019-10-09,"BTC",8556,8598,8555.18,8560.74,9740358.98,"2019-10-09:00:00"
2019-10-10,"BTC",8561,8568,8530,8558.03,5974031.09,"2019-10-10:00:00"
2019-10-11,"BTC",8314.5,8321.69,8212.38,8258.5,14135739.08,"2019-10-11:00:00"
2019-10-12,"BTC",8321.07,8329.66,8292.7,8300.09,3350539.28,"2019-10-12:00:00"
2019-10-13,"BTC",8282.4,8312.54,8270,8275.01,6538713.44,"2019-10-13:00:00"
2019-10-14,"BTC",8337.66,8349.49,8328.63,8348.2,7056837.27,"2019-10-14:00:00"
2019-10-15,"BTC",8138,8182.77,8133.76,8159.29,7909594.84,"2019-10-15:00:00"
2019-10-16,"BTC",8002.8,8023,7991.36,7991.74,7342573.55,"2019-10-16:00:00"
2019-10-17,"BTC",8053.78,8076.73,8044.14,8070.58,5606044.42,"2019-10-17:00:00"
2019-10-18,"BTC",7956.9,7972.88,7940.01,7947.01,5080893.88,"2019-10-18:00:00"
2019-10-19,"BTC",7937.76,7954.99,7926.17,7948.01,4061100.66,"2019-10-19:00:00"
2019-10-20,"BTC",8199.14,8226.04,8165.36,8223.35,6432571.9,"2019-10-20:00:00"
2019-10-21,"BTC",8180.76,8214.12,8176.95,8197.27,6530483.81,"2019-10-21:00:00"
2019-10-22,"BTC",8074.97,8079.44,8000,8020,22117623.69,"2019-10-22:00:00"
2019-10-23,"BTC",7416.89,7476.02,7405.21,7466.62,11003549.57,"2019-10-23:00:00"
2019-10-24,"BTC",7451.12,7465.75,7403.76,7412.41,7960925.07,"2019-10-24:00:00"
2019-10-25,"BTC",8591.79,8668,8590.18,8655.02,17570838.03,"2019-10-25:00:00"
2019-10-26,"BTC",9149.36,9289.7,9113.23,9230,19322831.25,"2019-10-26:00:00"
2019-10-27,"BTC",9562.85,9581.37,9420,9529.93,29886820.78,"2019-10-27:00:00"
2019-10-28,"BTC",9434.46,9483.49,9160,9205.14,56883740.58,"2019-10-28:00:00"
2019-10-29,"BTC",9437.83,9449.69,9390,9407.62,10666177.48,"2019-10-29:00:00"
2019-10-30,"BTC",9216.64,9223,9147.27,9154.72,13466661.46,"2019-10-30:00:00"
2019-10-31,"BTC",9122.69,9157,9105.07,9140.85,9203271.88,"2019-10-31:00:00"
2019-11-01,"BTC",9188.5,9246.97,9184.82,9231.61,11648902.22,"2019-11-01:00:00"
2019-11-02,"BTC",9287.55,9298.24,9277.17,9289.52,4719588.17,"2019-11-02:00:00"
2019-11-03,"BTC",9203.44,9236,9183.59,9194.71,8795488.38,"2019-11-03:00:00"
2019-11-04,"BTC",9364.14,9418.61,9356.44,9393.35,17950429.02,"2019-11-04:00:00"
2019-11-05,"BTC",9315.49,9344.58,9288.91,9308.66,13752918.99,"2019-11-05:00:00"
2019-11-06,"BTC",9337.15,9363.58,9335,9339.05,8209982.81,"2019-11-06:00:00"
2019-11-07,"BTC",9229.42,9237.6,9202,9216.2,6791968.53,"2019-11-07:00:00"
2019-11-08,"BTC",8802.18,8833.63,8768.9,8773.73,9553759.85,"2019-11-08:00:00"
2019-11-09,"BTC",8796.05,8831,8790.12,8809.41,6065313.99,"2019-11-09:00:00"
2019-11-10,"BTC",9082.34,9099.92,9027.76,9039.47,11915852.5,"2019-11-10:00:00"
2019-11-11,"BTC",8723.88,8742.89,8700.17,8733.27,9762848.55,"2019-11-11:00:00"
2019-11-12,"BTC",8778.56,8823.11,8768.2,8821.94,8622644.03,"2019-11-12:00:00"
2019-11-13,"BTC",8766.48,8795,8763.35,8777.12,8707178.59,"2019-11-13:00:00"
2019-11-14,"BTC",8663.99,8684.98,8644.74,8646.68,6565855.4,"2019-11-14:00:00"
2019-11-15,"BTC",8521.01,8532.74,8451.94,8471.73,8135645.91,"2019-11-15:00:00"
2019-11-16,"BTC",8477.02,8491.2,8471.43,8491.02,3149492.81,"2019-11-16:00:00"
2019-11-17,"BTC",8545.13,8547.48,8455.55,8502.4,10926412.24,"2019-11-17:00:00"
2019-11-18,"BTC",8211.39,8219.78,8185.26,8187.17,4874729.98,"2019-11-18:00:00"
2019-11-19,"BTC",8139.44,8154.23,8114.37,8133.64,5162125.22,"2019-11-19:00:00"
2019-11-20,"BTC",8091.05,8100,8077,8098.01,5403147.66,"2019-11-20:00:00"
2019-11-21,"BTC",7623.49,7640.26,7601.26,7627.74,6861830.06,"2019-11-21:00:00"
2019-11-22,"BTC",7245.89,7297.75,7156.36,7268.23,16762653.2,"2019-11-22:00:00"
2019-11-23,"BTC",7293.04,7319.45,7293.04,7311.57,9038648.93,"2019-11-23:00:00"
2019-11-24,"BTC",7029.19,7037.11,6861,6903.28,32853194.4,"2019-11-24:00:00"
2019-11-25,"BTC",7196.49,7197.73,7090.17,7109.57,15538959.82,"2019-11-25:00:00"
2019-11-26,"BTC",7137.73,7178.71,7122.23,7156.14,14202457.34,"2019-11-26:00:00"
2019-11-27,"BTC",7520.8,7543.27,7485.56,7508.52,7938868.88,"2019-11-27:00:00"
2019-11-28,"BTC",7386.19,7443.03,7360,7419.49,20956429.25,"2019-11-28:00:00"
2019-11-29,"BTC",7728.47,7751.43,7715,7739.68,8645020.3,"2019-11-29:00:00"
2019-11-30,"BTC",7535.98,7559,7532.63,7541.89,6818544.66,"2019-11-30:00:00"
2019-12-01,"BTC",7379.99,7436.81,7378,7390.89,12129901.64,"2019-12-01:00:00"
2019-12-02,"BTC",7327,7337.31,7294.03,7294.28,7162853.35,"2019-12-02:00:00"
2019-12-03,"BTC",7304.12,7316.52,7284,7292.71,4569698.37,"2019-12-03:00:00"
2019-12-04,"BTC",7217.15,7258.02,7172.01,7194.32,11856484.84,"2019-12-04:00:00"
2019-12-05,"BTC",7395.48,7447.4,7367.18,7389,12819581.74,"2019-12-05:00:00"
2019-12-06,"BTC",7506.62,7550,7460,7527.47,16401388.23,"2019-12-06:00:00"
2019-12-07,"BTC",7519.75,7522.99,7484.33,7488.21,5507646.11,"2019-12-07:00:00"
2019-12-08,"BTC",7537.24,7552,7505.81,7510.11,6828498.98,"2019-12-08:00:00"
2019-12-09,"BTC",7333.25,7359.72,7323.34,7338.64,6264920.32,"2019-12-09:00:00"
2019-12-10,"BTC",7238.45,7257.34,7223.52,7224.13,5585840.67,"2019-12-10:00:00"
2019-12-11,"BTC",7203.89,7210,7195.48,7210,3921601.09,"2019-12-11:00:00"
2019-12-12,"BTC",7200.03,7211.78,7192.11,7198.08,5069210.74,"2019-12-12:00:00"
2019-12-13,"BTC",7242.86,7258.61,7239.47,7258.48,3343789.28,"2019-12-13:00:00"
2019-12-14,"BTC",7089.76,7090,7063.99,7064.05,3950923.47,"2019-12-14:00:00"
2019-12-15,"BTC",7118.85,7129.41,7097.41,7118.59,4460867.45,"2019-12-15:00:00"
2019-12-16,"BTC",6893.91,6912.74,6877.51,6891.72,8664458.51,"2019-12-16:00:00"
2019-12-17,"BTC",6587.22,6638.57,6560,6623.82,12067656.29,"2019-12-17:00:00"
2019-12-18,"BTC",7422.96,7438.1,7221.6,7277.83,40601602.98,"2019-12-18:00:00"
2019-12-19,"BTC",7157.69,7165.9,7137.29,7150.3,5471827.69,"2019-12-19:00:00"
2019-12-20,"BTC",7182.44,7188.72,7166.23,7187.83,4226412.27,"2019-12-20:00:00"
2019-12-21,"BTC",7139.43,7140,7122,7132.75,4326628.41,"2019-12-21:00:00"
2019-12-22,"BTC",7400.25,7518.54,7400,7501.44,24751652.68,"2019-12-22:00:00"
2019-12-23,"BTC",7295.39,7348,7293.28,7317.09,9971523.65,"2019-12-23:00:00"
2019-12-24,"BTC",7239.15,7273.86,7209.46,7255.77,4733422.43,"2019-12-24:00:00"
2019-12-25,"BTC",7213.57,7217.31,7188.51,7204.63,3529642.46,"2019-12-25:00:00"
2019-12-26,"BTC",7199.45,7214.59,7185.26,7202,4723247.41,"2019-12-26:00:00"
2019-12-27,"BTC",7240.79,7256.24,7230,7254.74,4224321.7,"2019-12-27:00:00"
2019-12-28,"BTC",7325.57,7335,7305.95,7316.14,4068032.31,"2019-12-28:00:00"
2019-12-29,"BTC",7399.81,7415.11,7383.85,7388.24,4858655.64,"2019-12-29:00:00"
2019-12-30,"BTC",7276.47,7285.49,7239,7246,5269040.02,"2019-12-30:00:00"
2019-12-31,"BTC",7200.48,7206.29,7185.76,7195.23,3553416.83,"2019-12-31:00:00"
2020-01-01,"BTC",7197.99,7204.17,7175.15,7200.85,5568967.05,"2020-01-01:00:00"
2020-01-02,"BTC",6974.8,6974.8,6950,6965.71,4882371.13,"2020-01-02:00:00"
2020-01-03,"BTC",7300.56,7346.08,7291.75,7344.96,11564081.81,"2020-01-03:00:00"
2020-01-04,"BTC",7350.24,7363,7328.9,7354.11,3632613.56,"2020-01-04:00:00"
2020-01-05,"BTC",7355.73,7363.35,7321,7358.75,9464046.02,"2020-01-05:00:00"
2020-01-06,"BTC",7712.63,7795.34,7690.7,7758,36037449.57,"2020-01-06:00:00"
2020-01-07,"BTC",8049.55,8207.68,8020.7,8145.28,28945651.67,"2020-01-07:00:00"
2020-01-08,"BTC",8076.13,8125.57,8023.55,8055.98,19499874.86,"2020-01-08:00:00"
2020-01-09,"BTC",7811.31,7835,7790.01,7817.76,10108408.95,"2020-01-09:00:00"
2020-01-10,"BTC",8090.13,8199,8064.64,8197.02,17824410.1,"2020-01-10:00:00"
2020-01-11,"BTC",8082.57,8082.58,8003.16,8020.01,22518608.29,"2020-01-11:00:00"
2020-01-12,"BTC",8159.3,8185,8134.51,8184.98,10622331.31,"2020-01-12:00:00"
2020-01-13,"BTC",8116.72,8137.94,8101.76,8110.34,6007807.32,"2020-01-13:00:00"
2020-01-14,"BTC",8735.87,8880,8722,8810.01,37536142.69,"2020-01-14:00:00"
2020-01-15,"BTC",8860.01,8876.4,8790.76,8821.41,16583958.75,"2020-01-15:00:00"
2020-01-16,"BTC",8720.38,8748,8712.39,8720.01,6929233.54,"2020-01-16:00:00"
2020-01-17,"BTC",8939.59,8961.6,8905.49,8913.28,15295417.11,"2020-01-17:00:00"
2020-01-18,"BTC",8954.26,8960,8912.27,8915.96,12115057.08,"2020-01-18:00:00"
2020-01-19,"BTC",8643.47,8723.45,8620,8701.7,14252313.03,"2020-01-19:00:00"
2020-01-20,"BTC",8654.85,8683.24,8616,8642.35,17440094.04,"2020-01-20:00:00"
2020-01-21,"BTC",8729.11,8764.98,8726.78,8736.03,8021201.08,"2020-01-21:00:00"
2020-01-22,"BTC",8657.32,8686.22,8650.35,8682.36,6292437.05,"2020-01-22:00:00"
2020-01-23,"BTC",8402.74,8428.05,8354.18,8404.52,10494867.82,"2020-01-23:00:00"
2020-01-24,"BTC",8466.99,8474.48,8413.36,8439,7821163.71,"2020-01-24:00:00"
2020-01-25,"BTC",8359.79,8386.8,8340,8340.58,6126745.23,"2020-01-25:00:00"
2020-01-26,"BTC",8577.67,8618.13,8565.92,8615,9528018.66,"2020-01-26:00:00"
2020-01-27,"BTC",8902.45,8954.4,8890.1,8907.57,13639247.8,"2020-01-27:00:00"
2020-01-28,"BTC",9133,9400,9115.55,9374.21,63414189.57,"2020-01-28:00:00"
2020-01-29,"BTC",9341.99,9363,9290,9301.53,11972022.95,"2020-01-29:00:00"
2020-01-30,"BTC",9563.69,9577.56,9466.66,9513.21,18210718.4,"2020-01-30:00:00"
2020-01-31,"BTC",9402.42,9419.96,9327.24,9352.89,9758287.35,"2020-01-31:00:00"
2020-02-01,"BTC",9377.87,9409.99,9376.69,9384.61,8323261.21,"2020-02-01:00:00"
2020-02-02,"BTC",9380,9417.39,9322,9331.51,22927246.71,"2020-02-02:00:00"
2020-02-03,"BTC",9274.05,9319.99,9251.01,9292.24,11674540.95,"2020-02-03:00:00"
2020-02-04,"BTC",9202.48,9220.19,9178.72,9197.02,9989477.54,"2020-02-04:00:00"
2020-02-05,"BTC",9635,9671.22,9565.14,9612.04,18801494.42,"2020-02-05:00:00"
2020-02-06,"BTC",9692.7,9777.67,9660,9772,27044084.16,"2020-02-06:00:00"
2020-02-07,"BTC",9810.88,9831,9791.23,9813.73,10443782.42,"2020-02-07:00:00"
2020-02-08,"BTC",9913.26,9923,9892.5,9895.05,7513827.84,"2020-02-08:00:00"
2020-02-09,"BTC",10126.17,10160,10119.78,10151.75,16914558.74,"2020-02-09:00:00"
2020-02-10,"BTC",9842.83,9894.56,9841.8,9851.83,10069818.13,"2020-02-10:00:00"
2020-02-11,"BTC",10204,10252.9,10183.47,10223.08,15793600.89,"2020-02-11:00:00"
2020-02-12,"BTC",10337.26,10365,10303,10326.46,17943913.13,"2020-02-12:00:00"
2020-02-13,"BTC",10224.15,10252.79,10207.02,10229.63,9994652.16,"2020-02-13:00:00"
2020-02-14,"BTC",10346,10352.36,10320,10344.36,10235741.48,"2020-02-14:00:00"
2020-02-15,"BTC",9923.82,9936.27,9882.04,9904.72,10824296.36,"2020-02-15:00:00"
2020-02-16,"BTC",9877.59,9996.58,9867.25,9917.27,44617068.4,"2020-02-16:00:00"
2020-02-17,"BTC",9630.1,9727.41,9613.12,9706,13988072.22,"2020-02-17:00:00"
2020-02-18,"BTC",10168.26,10206.94,10136.64,10164.71,26343235.99,"2020-02-18:00:00"
2020-02-19,"BTC",9693.13,9696.5,9572.42,9593.79,30948444.69,"2020-02-19:00:00"
2020-02-20,"BTC",9611.57,9622.85,9580,9596.42,8843905.08,"2020-02-20:00:00"
2020-02-21,"BTC",9656.45,9713.7,9641.23,9677.05,9834121.31,"2020-02-21:00:00"
2020-02-22,"BTC",9667.25,9681.63,9644.47,9650.86,5878774.03,"2020-02-22:00:00"
2020-02-23,"BTC",9909.94,9971.17,9885.01,9936.4,25209368.75,"2020-02-23:00:00"
2020-02-24,"BTC",9633.5,9671.98,9610,9656.13,9955521.16,"2020-02-24:00:00"
2020-02-25,"BTC",9396.01,9396.16,9306.9,9315.84,12666487.8,"2020-02-25:00:00"
2020-02-26,"BTC",8785,8839,8781.1,8785.25,11024430.75,"2020-02-26:00:00"
2020-02-27,"BTC",8794.74,8825.33,8755.2,8823.21,15794761.76,"2020-02-27:00:00"
2020-02-28,"BTC",8777.94,8799,8670.79,8692.91,17998990.9,"2020-02-28:00:00"
2020-02-29,"BTC",8634.65,8659.96,8523.55,8523.61,15699153.09,"2020-02-29:00:00"
2020-03-01,"BTC",8561.75,8591.82,8530.07,8531.88,10233833.38,"2020-03-01:00:00"
2020-03-02,"BTC",8910.84,8916.86,8877,8915.24,14917751.52,"2020-03-02:00:00"
2020-03-03,"BTC",8779.98,8789.4,8752,8760.07,10008057.69,"2020-03-03:00:00"
2020-03-04,"BTC",8744.35,8761.52,8734.96,8750.87,9010998.52,"2020-03-04:00:00"
2020-03-05,"BTC",9061.89,9081.25,9015,9054.68,24142199.08,"2020-03-05:00:00"
2020-03-06,"BTC",9103.89,9137.5,9099.37,9131.88,13307079.56,"2020-03-06:00:00"
2020-03-07,"BTC",8908.28,8912.56,8867.5,8886.66,9709047.01,"2020-03-07:00:00"
2020-03-08,"BTC",8157.47,8246.43,8000,8033.31,54586723.67,"2020-03-08:00:00"
2020-03-09,"BTC",7875.13,7947.57,7843.52,7929.87,19776197.6,"2020-03-09:00:00"
2020-03-10,"BTC",7961.85,7964.3,7869.79,7894.56,23326345.17,"2020-03-10:00:00"
2020-03-11,"BTC",7948.4,7974.84,7909.01,7934.52,18727959.62,"2020-03-11:00:00"
2020-03-12,"BTC",5802.7,5802.7,4410,4800,199337895.5,"2020-03-12:00:00"
2020-03-13,"BTC",5601.24,5699,5437.93,5578.6,49234722.18,"2020-03-13:00:00"
2020-03-14,"BTC",5273.08,5277.37,5055.13,5172.06,54778051.35,"2020-03-14:00:00"
2020-03-15,"BTC",5367.76,5451.43,5320,5361.3,42277925.46,"2020-03-15:00:00"
2020-03-16,"BTC",4921.88,5050,4900.51,5028.97,20513470.48,"2020-03-16:00:00"
2020-03-17,"BTC",5424.75,5438,5305.59,5312.64,18705630.86,"2020-03-17:00:00"
2020-03-18,"BTC",5340.23,5409,5321.27,5393.04,19563999.15,"2020-03-18:00:00"
2020-03-19,"BTC",6278.63,6315.26,6125.76,6162.37,43253220.61,"2020-03-19:00:00"
2020-03-20,"BTC",6162.1,6240,6078,6208.36,32631644.99,"2020-03-20:00:00"
2020-03-21,"BTC",6153.94,6216.48,6137.24,6186.98,16573031.55,"2020-03-21:00:00"
2020-03-22,"BTC",5871.86,5905,5734.01,5816.19,45356340.29,"2020-03-22:00:00"
2020-03-23,"BTC",6446.48,6509.03,6405.73,6467.31,40099003.05,"2020-03-23:00:00"
2020-03-24,"BTC",6757.78,6786.54,6704.18,6744.72,21724944.87,"2020-03-24:00:00"
2020-03-25,"BTC",6686.75,6705,6642.11,6677.43,17994130.65,"2020-03-25:00:00"
2020-03-26,"BTC",6701.05,6765,6690.52,6737.36,27487060.73,"2020-03-26:00:00"
2020-03-27,"BTC",6658.17,6660.83,6261,6359.11,70418638.17,"2020-03-27:00:00"
2020-03-28,"BTC",6213.7,6270,6180.1,6236.65,10803003.4,"2020-03-28:00:00"
2020-03-29,"BTC",5918.24,5934.14,5875,5881.42,17039758.52,"2020-03-29:00:00"
2020-03-30,"BTC",6458,6483.54,6375,6394.38,34085895.72,"2020-03-30:00:00"
2020-03-31,"BTC",6431.55,6440.99,6386.89,6410.44,14626241.96,"2020-03-31:00:00"
2020-04-01,"BTC",6520.75,6679.94,6500,6642.92,74251959.43,"2020-04-01:00:00"
2020-04-02,"BTC",6842.71,6844.17,6730.11,6794.09,27416692.71,"2020-04-02:00:00"
2020-04-03,"BTC",6764.65,6779.92,6716.34,6734.1,10584302.78,"2020-04-03:00:00"
2020-04-04,"BTC",6841.42,6870,6821.09,6856.99,10716647.36,"2020-04-04:00:00"
2020-04-05,"BTC",6798.83,6805,6765.72,6772.78,9499057.88,"2020-04-05:00:00"
2020-04-06,"BTC",7266.11,7355.14,7242.86,7329.9,36158397.67,"2020-04-06:00:00"
2020-04-07,"BTC",7172.47,7214.93,7161.25,7197.32,14230951.66,"2020-04-07:00:00"
2020-04-08,"BTC",7358.38,7390,7333.54,7361.28,19190944.03,"2020-04-08:00:00"
2020-04-09,"BTC",7311.54,7315,7276,7283.54,7575893.54,"2020-04-09:00:00"
2020-04-10,"BTC",6855.01,6875.27,6818.88,6858.92,13711420.19,"2020-04-10:00:00"
2020-04-11,"BTC",6860.23,6887.05,6846.35,6876.83,12250629.09,"2020-04-11:00:00"
2020-04-12,"BTC",7028.46,7035,6885,6903.79,35804235.09,"2020-04-12:00:00"
2020-04-13,"BTC",6871.11,6890,6815.54,6837.91,15952761.96,"2020-04-13:00:00"
2020-04-14,"BTC",6874.82,6890.87,6840,6868.7,10173891.4,"2020-04-14:00:00"
2020-04-15,"BTC",6708.96,6716.58,6605,6621.24,34259919.71,"2020-04-15:00:00"
2020-04-16,"BTC",7152.93,7190,7064,7101.94,38687184.39,"2020-04-16:00:00"
2020-04-17,"BTC",7054.72,7148.12,7015,7027.55,38843354.51,"2020-04-17:00:00"
2020-04-18,"BTC",7260.99,7277.69,7225.01,7248.6,14352198.89,"2020-04-18:00:00"
2020-04-19,"BTC",7175.52,7187.9,7104.28,7120.74,18569627.78,"2020-04-19:00:00"
2020-04-20,"BTC",6875.63,6883.83,6812.51,6826.83,16480112.36,"2020-04-20:00:00"
2020-04-21,"BTC",6890.61,6898.14,6830,6841.37,12336899.34,"2020-04-21:00:00"
2020-04-22,"BTC",7112,7128.93,7098.71,7125.14,10923430.24,"2020-04-22:00:00"
2020-04-23,"BTC",7563.51,7563.55,7420,7482.39,41696177.54,"2020-04-23:00:00"
2020-04-24,"BTC",7485.54,7508.96,7485,7505,7252808.12,"2020-04-24:00:00"
2020-04-25,"BTC",7536.49,7542.87,7511.09,7538.67,7350341.79,"2020-04-25:00:00"
2020-04-26,"BTC",7611.56,7695,7610,7693.1,22408149.57,"2020-04-26:00:00"
2020-04-27,"BTC",7760.37,7779,7740,7774.62,13342635.41,"2020-04-27:00:00"
2020-04-28,"BTC",7748.02,7770,7737.24,7738.98,15857615.78,"2020-04-28:00:00"
2020-04-29,"BTC",8754.7,8792.68,8706.82,8778.57,29544374.29,"2020-04-29:00:00"
2020-04-30,"BTC",8759.77,8780,8573.98,8620,36365483.66,"2020-04-30:00:00"
2020-05-01,"BTC",8837.15,8893.43,8800.52,8826.96,23355490.89,"2020-05-01:00:00"
2020-05-02,"BTC",8933.54,8985,8921.42,8972.05,23534920.06,"2020-05-02:00:00"
2020-05-03,"BTC",8895.7,8921.76,8851.56,8894.16,21001940.92,"2020-05-03:00:00"
2020-05-04,"BTC",8869.93,8904,8825,8871.96,22034622.61,"2020-05-04:00:00"
2020-05-05,"BTC",8969.83,9044,8949.98,9021.83,27768160.57,"2020-05-05:00:00"
2020-05-06,"BTC",9357.09,9395,9079,9142.92,80655599.95,"2020-05-06:00:00"
2020-05-07,"BTC",9892.8,10067,9854.45,9986.4,127925840.6,"2020-05-07:00:00"
2020-05-08,"BTC",9873.95,9920.36,9780,9800.01,63140321.95,"2020-05-08:00:00"
2020-05-09,"BTC",9600.51,9634.45,9525,9539.4,41818728.8,"2020-05-09:00:00"
2020-05-10,"BTC",8777.99,8837.28,8540.41,8722.77,66776828.62,"2020-05-10:00:00"
2020-05-11,"BTC",8601.37,8640.31,8500,8561.52,25649879.75,"2020-05-11:00:00"
2020-05-12,"BTC",8812.9,8842.4,8779.99,8810.79,13254962.2,"2020-05-12:00:00"
2020-05-13,"BTC",9318.51,9349,9289.98,9309.37,23352361.57,"2020-05-13:00:00"
2020-05-14,"BTC",9750.94,9850.32,9735,9791.98,38211618.86,"2020-05-14:00:00"
2020-05-15,"BTC",9365.82,9395.83,9228.99,9316.42,32464511.04,"2020-05-15:00:00"
2020-05-16,"BTC",9421.67,9436.63,9363.39,9381.27,10868781.89,"2020-05-16:00:00"
2020-05-17,"BTC",9689.31,9729.88,9657.91,9680.04,20108043.51,"2020-05-17:00:00"
2020-05-18,"BTC",9723.88,9755,9695.51,9733.93,20056177.1,"2020-05-18:00:00"
2020-05-19,"BTC",9756.12,9794,9703.44,9775.53,19717647.07,"2020-05-19:00:00"
2020-05-20,"BTC",9527.75,9550,9435.87,9511.43,26596866.56,"2020-05-20:00:00"
2020-05-21,"BTC",9125.2,9134.53,9034.73,9068.65,23699038.28,"2020-05-21:00:00"
2020-05-22,"BTC",9196.33,9197.04,9131.12,9170,13978737.44,"2020-05-22:00:00"
2020-05-23,"BTC",9225,9229.78,9152.44,9179.15,14229898.91,"2020-05-23:00:00"
2020-05-24,"BTC",9043.1,9055.63,8700,8720.34,84786545.02,"2020-05-24:00:00"
2020-05-25,"BTC",8903.3,8940,8889.9,8900.35,13332976.99,"2020-05-25:00:00"
2020-05-26,"BTC",8834.92,8859,8815,8841.18,10593583.71,"2020-05-26:00:00"
2020-05-27,"BTC",9104.01,9205.42,9095,9204.07,22677147.55,"2020-05-27:00:00"
2020-05-28,"BTC",9490.03,9625.47,9485,9575.89,50973432.49,"2020-05-28:00:00"
2020-05-29,"BTC",9428.26,9452.36,9415.82,9427.07,9811144.45,"2020-05-29:00:00"
2020-05-30,"BTC",9729,9740,9636.96,9697.72,32460436.88,"2020-05-30:00:00"
2020-05-31,"BTC",9461.6,9485.63,9381.41,9448.27,32133905.25,"2020-05-31:00:00"
2020-06-01,"BTC",9739.51,10380,9739.51,10200.77,309508204.3,"2020-06-01:00:00"
2020-06-02,"BTC",9493.42,9542.22,9460,9518.04,18960808.26,"2020-06-02:00:00"
2020-06-03,"BTC",9610.63,9690,9593.34,9666.24,27249022.52,"2020-06-03:00:00"
2020-06-04,"BTC",9814.6,9860,9780.16,9789.06,17842139.34,"2020-06-04:00:00"
2020-06-05,"BTC",9679.74,9683.92,9619.47,9621.16,14395975.15,"2020-06-05:00:00"
2020-06-06,"BTC",9644.63,9702.76,9637.59,9666.3,10802595.44,"2020-06-06:00:00"
2020-06-07,"BTC",9755.56,9785.19,9725,9746.99,21054767.87,"2020-06-07:00:00"
2020-06-08,"BTC",9695,9800,9691.96,9782.01,29813951.8,"2020-06-08:00:00"
2020-06-09,"BTC",9771.82,9800,9736.22,9772.43,14761248.48,"2020-06-09:00:00"
2020-06-10,"BTC",9891.28,9902.5,9853.68,9885,13663699.32,"2020-06-10:00:00"
2020-06-11,"BTC",9325.99,9334.09,9255.1,9280.4,24051649.3,"2020-06-11:00:00"
2020-06-12,"BTC",9477.95,9488.15,9441.24,9465.13,8541165.92,"2020-06-12:00:00"
2020-06-13,"BTC",9437.75,9480.46,9430,9473.34,10790213.83,"2020-06-13:00:00"
2020-06-14,"BTC",9386.76,9387,9330.22,9342.1,12653458.23,"2020-06-14:00:00"
2020-06-15,"BTC",9418.65,9459.65,9415,9426.02,14298470.01,"2020-06-15:00:00"
2020-06-16,"BTC",9522.81,9537.5,9501.86,9525.59,9529791.94,"2020-06-16:00:00"
2020-06-17,"BTC",9437,9473.33,9429.56,9465.14,12220289.62,"2020-06-17:00:00"
2020-06-18,"BTC",9379.98,9416.65,9367.65,9386.32,11069363.24,"2020-06-18:00:00"
2020-06-19,"BTC",9300,9319.36,9275,9310.23,13705411.63,"2020-06-19:00:00"
2020-06-20,"BTC",9375,9380,9341.43,9358.95,7001319.25,"2020-06-20:00:00"
2020-06-21,"BTC",9313.14,9316.8,9281.54,9294.69,7583591.66,"2020-06-21:00:00"
2020-06-22,"BTC",9678.85,9697.47,9660.84,9685.69,12854307.83,"2020-06-22:00:00"
2020-06-23,"BTC",9610.79,9626.57,9595.91,9624.89,9246318.59,"2020-06-23:00:00"
2020-06-24,"BTC",9297.79,9328.46,9277.1,9296.49,18073773.67,"2020-06-24:00:00"
2020-06-25,"BTC",9261.51,9265,9236.97,9249.49,6853072.06,"2020-06-25:00:00"
2020-06-26,"BTC",9172.07,9178.79,9147.85,9162.21,8797531.03,"2020-06-26:00:00"
2020-06-27,"BTC",8972.99,9046.7,8940.15,9012,15248777.59,"2020-06-27:00:00"
2020-06-28,"BTC",9104.4,9133.01,9088.15,9116.35,13248292.07,"2020-06-28:00:00"
2020-06-29,"BTC",9184.21,9197.79,9161.09,9192.56,11265691.88,"2020-06-29:00:00"
2020-06-30,"BTC",9134.01,9158.87,9129.39,9138.55,7605295.61,"2020-06-30:00:00"
2020-07-01,"BTC",9240.35,9249.1,9222.54,9232,8151781.67,"2020-07-01:00:00"
2020-07-02,"BTC",9099.81,9105.86,9078.67,9086.54,9778897.57,"2020-07-02:00:00"
2020-07-03,"BTC",9083.99,9084,9037.47,9058.26,13604419.25,"2020-07-03:00:00"
2020-07-04,"BTC",9129.58,9140,9111.61,9135.46,5818506.38,"2020-07-04:00:00"
2020-07-05,"BTC",9072.56,9095.07,9058.5,9069.41,12521435.3,"2020-07-05:00:00"
2020-07-06,"BTC",9288.83,9375,9285.12,9344.2,29730529.44,"2020-07-06:00:00"
2020-07-07,"BTC",9247.41,9270,9241.57,9257.39,10590044.82,"2020-07-07:00:00"
2020-07-08,"BTC",9448.87,9449.95,9418.65,9436.06,13392382.28,"2020-07-08:00:00"
2020-07-09,"BTC",9242.5,9242.51,9220,9232.43,8367101.38,"2020-07-09:00:00"
2020-07-10,"BTC",9227.88,9317.48,9225.91,9288.34,20339175.1,"2020-07-10:00:00"
2020-07-11,"BTC",9218.41,9253,9218.02,9234.03,6638828.26,"2020-07-11:00:00"
2020-07-12,"BTC",9298.46,9305,9272,9302.75,17940999.9,"2020-07-12:00:00"
2020-07-13,"BTC",9242.07,9250,9227,9242.62,7640693.2,"2020-07-13:00:00"
2020-07-14,"BTC",9255.31,9267.62,9249.55,9255.85,6575465.36,"2020-07-14:00:00"
2020-07-15,"BTC",9206.32,9214.24,9188.88,9197.6,12676829.25,"2020-07-15:00:00"
2020-07-16,"BTC",9138.13,9147.9,9127.21,9133.72,10322056.67,"2020-07-16:00:00"
2020-07-17,"BTC",9162.82,9167.94,9153.83,9154.32,5890299.47,"2020-07-17:00:00"
2020-07-18,"BTC",9164.73,9175.31,9164.32,9170.28,5573414.65,"2020-07-18:00:00"
2020-07-19,"BTC",9185.76,9232.27,9185.76,9208.99,22330611.02,"2020-07-19:00:00"
2020-07-20,"BTC",9164.8,9178.17,9155.85,9160.78,9391647.66,"2020-07-20:00:00"
2020-07-21,"BTC",9378.05,9390,9370,9390,9208916.03,"2020-07-21:00:00"
2020-07-22,"BTC",9500,9533,9498.66,9518.16,29638572.32,"2020-07-22:00:00"
2020-07-23,"BTC",9592.03,9607,9585.44,9603.27,8290023.01,"2020-07-23:00:00"
2020-07-24,"BTC",9533.92,9552.44,9513,9537.8,14612237.84,"2020-07-24:00:00"
2020-07-25,"BTC",9704.68,9724.48,9668.88,9700.42,17767417.06,"2020-07-25:00:00"
2020-07-26,"BTC",9917.6,9935.84,9898.97,9931.54,11571034.98,"2020-07-26:00:00"
2020-07-27,"BTC",11206.21,11210.64,10680,11029.96,88708393.65,"2020-07-27:00:00"
2020-07-28,"BTC",10942.29,10974.21,10890,10906.27,16459999.49,"2020-07-28:00:00"
2020-07-29,"BTC",11243.38,11243.38,11042.82,11100.53,45821807.87,"2020-07-29:00:00"
2020-07-30,"BTC",11163.84,11170,11084.61,11099.61,21700131.12,"2020-07-30:00:00"
2020-07-31,"BTC",11302.56,11340,11279.44,11335.46,20937663.83,"2020-07-31:00:00"
2020-08-01,"BTC",11783.3,11820.61,11731.71,11801.17,25849742.13,"2020-08-01:00:00"
2020-08-02,"BTC",11118.32,11139.24,11032.25,11071.35,17062586.22,"2020-08-02:00:00"
2020-08-03,"BTC",11213.94,11248.36,11133.75,11219.81,21412733.62,"2020-08-03:00:00"
2020-08-04,"BTC",11232.39,11240.9,11161.75,11191.97,18131214.93,"2020-08-04:00:00"
2020-08-05,"BTC",11620.52,11753.84,11620.26,11744.91,28931089.37,"2020-08-05:00:00"
2020-08-06,"BTC",11780.01,11786.18,11695.01,11762.46,25077082.08,"2020-08-06:00:00"
2020-08-07,"BTC",11580.01,11634.53,11553,11594.23,16069814.24,"2020-08-07:00:00"
2020-08-08,"BTC",11745.13,11769.81,11672.6,11761.41,21262243.44,"2020-08-08:00:00"
2020-08-09,"BTC",11683.77,11695,11652.58,11681.68,17962202.8,"2020-08-09:00:00"
2020-08-10,"BTC",11833.31,11833.31,11818.89,11818.89,0,"2020-08-10:00:00"
