"symbol","model","eval_set","rmse","rsq","last_refreshed"
"ADA","lm","holdout",1.02820331095015,0.800464955543388,"2020-12-24 14:58:32"
"ADA","lm","test",0.93580682452139,0.41572012935435,"2020-12-24 14:58:32"
"ADA","nnet","holdout",1.84248275229934,0.361528166290885,"2020-12-24 14:58:32"
"ADA","nnet","test",1.39366988911199,0.111605346151963,"2020-12-24 14:58:32"
"ADA","pcr","holdout",1.56222583378707,0.53822860719132,"2020-12-24 14:58:32"
"ADA","pcr","test",1.10814718900699,0.121169078221352,"2020-12-24 14:58:32"
"ADA","rf","holdout",2.29297335406787,0.359561556549717,"2020-12-24 14:58:32"
"ADA","rf","test",1.70333520032258,0.133074412916524,"2020-12-24 14:58:32"
"ADA","xgb","holdout",4.34726080730256,0.17582188908259,"2020-12-24 14:58:32"
"ADA","xgb","test",2.21323406929874,0.105236482907209,"2020-12-24 14:58:32"
"AMB","lm","holdout",67.3903173236863,0.503544304580862,"2020-12-24 14:58:32"
"AMB","lm","test",17.5725910371756,0.177389681022084,"2020-12-24 14:58:32"
"AMB","nnet","holdout",87.8241868819401,0.00962402916972821,"2020-12-24 14:58:32"
"AMB","nnet","test",17.4853092819828,0.011687578304955,"2020-12-24 14:58:32"
"AMB","pcr","holdout",72.6902239320954,0.585352383429022,"2020-12-24 14:58:32"
"AMB","pcr","test",15.8008998893833,0.162295472998738,"2020-12-24 14:58:32"
"AMB","rf","holdout",87.6532215321962,0.0183338271528709,"2020-12-24 14:58:32"
"AMB","rf","test",21.8143764265498,0.213314931831917,"2020-12-24 14:58:32"
"AMB","xgb","holdout",80.6621580028437,0.146319715821697,"2020-12-24 14:58:32"
"AMB","xgb","test",18.7178027978142,0.29552315092533,"2020-12-24 14:58:32"
"ARDR","lm","holdout",0.782898261456476,0.895358358435502,"2020-12-24 14:58:32"
"ARDR","lm","test",2.47272263754202,0.542360751608327,"2020-12-24 14:58:32"
"ARDR","nnet","holdout",1.95860708434741,0.366470122918174,"2020-12-24 14:58:32"
"ARDR","nnet","test",3.3537228214496,0.054051249370166,"2020-12-24 14:58:32"
"ARDR","pcr","holdout",1.2783329899496,0.722271365666109,"2020-12-24 14:58:32"
"ARDR","pcr","test",3.09351684078439,0.139846600652772,"2020-12-24 14:58:32"
"ARDR","rf","holdout",1.78481534113131,0.631078746704389,"2020-12-24 14:58:32"
"ARDR","rf","test",3.41581101971383,0.0352410948145857,"2020-12-24 14:58:32"
"ARDR","xgb","holdout",3.55981635848129,0.23648201024463,"2020-12-24 14:58:32"
"ARDR","xgb","test",3.42170284040439,0.0243163077269102,"2020-12-24 14:58:32"
"ASP","lm","holdout",1.46420381885654,0.873516710336782,"2020-12-24 14:58:32"
"ASP","lm","test",2.84912475726637,0.374948714633609,"2020-12-24 14:58:32"
"ASP","nnet","holdout",2.82126941285508,0.440599849141465,"2020-12-24 14:58:32"
"ASP","nnet","test",4.62313473174046,0.266318778952194,"2020-12-24 14:58:32"
"ASP","pcr","holdout",2.5993450830036,0.593968428180102,"2020-12-24 14:58:32"
"ASP","pcr","test",2.70714695343292,0.436049874596145,"2020-12-24 14:58:32"
"ASP","rf","holdout",2.54184954066841,0.525025752249036,"2020-12-24 14:58:32"
"ASP","rf","test",11.646954195515,0.129412448451341,"2020-12-24 14:58:32"
"ASP","xgb","holdout",2.91203868540511,0.273268033707641,"2020-12-24 14:58:32"
"ASP","xgb","test",4.17356377106211,0.125864364389378,"2020-12-24 14:58:32"
"AVA","lm","holdout",1.49511541203165,0.459016861340537,"2020-12-24 14:58:32"
"AVA","lm","test",2.07488149648692,0.29693887875345,"2020-12-24 14:58:32"
"AVA","nnet","holdout",1.9320870779726,0.100252271612379,"2020-12-24 14:58:32"
"AVA","nnet","test",2.38852841724337,0.16692556132849,"2020-12-24 14:58:32"
"AVA","pcr","holdout",1.77048885407525,0.437889255248372,"2020-12-24 14:58:32"
"AVA","pcr","test",2.03308245819078,0.163949246319249,"2020-12-24 14:58:32"
"AVA","rf","holdout",2.68667355186996,0.0229369089874194,"2020-12-24 14:58:32"
"AVA","rf","test",3.47739428714178,0.0901533550378976,"2020-12-24 14:58:32"
"AVA","xgb","holdout",2.51005720105974,0.016347353638943,"2020-12-24 14:58:32"
"AVA","xgb","test",4.26637318569332,0.0203709230363122,"2020-12-24 14:58:32"
"BAT","lm","holdout",0.751890870963882,0.8401494866597,"2020-12-24 14:58:32"
"BAT","lm","test",0.921136072014772,0.600111661576344,"2020-12-24 14:58:32"
"BAT","nnet","holdout",1.68882819301706,0.210332017978332,"2020-12-24 14:58:32"
"BAT","nnet","test",1.62346771498482,0.104096417152998,"2020-12-24 14:58:32"
"BAT","pcr","holdout",1.33627212836158,0.495933298893626,"2020-12-24 14:58:32"
"BAT","pcr","test",1.1953984649826,0.209883116580586,"2020-12-24 14:58:32"
"BAT","rf","holdout",2.43070464601133,0.23863326315994,"2020-12-24 14:58:32"
"BAT","rf","test",1.97172411793191,0.245049600998143,"2020-12-24 14:58:32"
"BAT","xgb","holdout",2.16589385919993,0.267976217028195,"2020-12-24 14:58:32"
"BAT","xgb","test",3.80031362938659,0.0843567894297173,"2020-12-24 14:58:32"
"BCH","lm","holdout",3.37216803303259,0.151977923013999,"2020-12-24 14:58:32"
"BCH","lm","test",1.23597751747564,0.22243470437636,"2020-12-24 14:58:32"
"BCH","nnet","holdout",2.14088920256001,0.376426187678905,"2020-12-24 14:58:32"
"BCH","nnet","test",6.39974106940482,0.26461358717063,"2020-12-24 14:58:32"
"BCH","pcr","holdout",2.69223561422447,0.332694935386301,"2020-12-24 14:58:32"
"BCH","pcr","test",1.16981146104165,0.274663996343334,"2020-12-24 14:58:32"
"BCH","rf","holdout",2.70128092341221,0.343011415270411,"2020-12-24 14:58:32"
"BCH","rf","test",1.14849382610831,0.21731633872938,"2020-12-24 14:58:32"
"BCH","xgb","holdout",3.88887886518806,0.0821891758437643,"2020-12-24 14:58:32"
"BCH","xgb","test",1.15906476783174,0.033366511102524,"2020-12-24 14:58:32"
"BNT","lm","holdout",0.664510192779264,0.944730703382148,"2020-12-24 14:58:32"
"BNT","lm","test",1.36644081560318,0.698829108499052,"2020-12-24 14:58:32"
"BNT","nnet","holdout",1.99421261042884,0.3012433980288,"2020-12-24 14:58:32"
"BNT","nnet","test",3.40126560240672,0.311645558955366,"2020-12-24 14:58:32"
"BNT","pcr","holdout",1.71312650627836,0.514715047450908,"2020-12-24 14:58:32"
"BNT","pcr","test",1.6103761751242,0.339374044081127,"2020-12-24 14:58:32"
"BNT","rf","holdout",3.28753056122818,0.0908660939701157,"2020-12-24 14:58:32"
"BNT","rf","test",3.31911785033684,0.144978585798181,"2020-12-24 14:58:32"
"BNT","xgb","holdout",2.9955646631462,0.0318336725829536,"2020-12-24 14:58:32"
"BNT","xgb","test",4.80425522457801,0.0471905707540277,"2020-12-24 14:58:32"
"BRD","lm","holdout",8.37287658372497,0.046153101071873,"2020-12-24 14:58:32"
"BRD","lm","test",6.30307631889861,0.239598273320146,"2020-12-24 14:58:32"
"BRD","nnet","holdout",8.02904597196908,0.0695808934748502,"2020-12-24 14:58:32"
"BRD","nnet","test",6.56805690462508,0.0508717200414856,"2020-12-24 14:58:32"
"BRD","pcr","holdout",7.52000366747409,0.191404753373579,"2020-12-24 14:58:32"
"BRD","pcr","test",6.24265729275629,0.148469951063659,"2020-12-24 14:58:32"
"BRD","rf","holdout",8.70540700542462,0.000556444254956249,"2020-12-24 14:58:32"
"BRD","rf","test",7.47372705727931,0.01271271586789,"2020-12-24 14:58:32"
"BRD","xgb","holdout",8.455065519955,0.0484702287188603,"2020-12-24 14:58:32"
"BRD","xgb","test",9.06824899959588,0.00613860764817119,"2020-12-24 14:58:32"
"BSV","lm","holdout",0.769314389901473,0.919623698266086,"2020-12-24 14:58:32"
"BSV","lm","test",0.451386821490067,0.778934333852265,"2020-12-24 14:58:32"
"BSV","nnet","holdout",1.77857334282547,0.335448262882183,"2020-12-24 14:58:32"
"BSV","nnet","test",0.968778421373155,0.0895779345980544,"2020-12-24 14:58:32"
"BSV","pcr","holdout",1.37104328640841,0.633946522351647,"2020-12-24 14:58:32"
"BSV","pcr","test",0.812058187812197,0.263665954640409,"2020-12-24 14:58:32"
"BSV","rf","holdout",2.55086100424917,0.207206984012138,"2020-12-24 14:58:32"
"BSV","rf","test",2.47305642571555,0.28402447012928,"2020-12-24 14:58:32"
"BSV","xgb","holdout",2.77054346431651,0.149006384439624,"2020-12-24 14:58:32"
"BSV","xgb","test",2.13876174430827,0.0906305435138677,"2020-12-24 14:58:32"
"BTC","lm","holdout",0.883400410486989,0.861361143738881,"2020-12-24 14:58:32"
"BTC","lm","test",0.294169364425888,0.778537633354146,"2020-12-24 14:58:32"
"BTC","nnet","holdout",2.96138214208461,0.00906955695113004,"2020-12-24 14:58:32"
"BTC","nnet","test",1.1096554746835,0.12742535125581,"2020-12-24 14:58:32"
"BTC","pcr","holdout",1.07544905707168,0.00910878553351289,"2020-12-24 14:58:32"
"BTC","pcr","test",0.560693963336267,0.289407370382112,"2020-12-24 14:58:32"
"BTC","rf","holdout",1.0552689660292,0.0218055387133912,"2020-12-24 14:58:32"
"BTC","rf","test",1.20398104715252,0.0600028227098481,"2020-12-24 14:58:32"
"BTC","xgb","holdout",0.992885769461228,0.0437569900558448,"2020-12-24 14:58:32"
"BTC","xgb","test",0.960513957211568,0.0507611914370764,"2020-12-24 14:58:32"
"BTG","lm","holdout",0.818360370148063,0.661447007941426,"2020-12-24 14:58:32"
"BTG","lm","test",0.577531662001555,0.631546427480297,"2020-12-24 14:58:32"
"BTG","nnet","holdout",1.7901775656214,0.00000457838115089096,"2020-12-24 14:58:32"
"BTG","nnet","test",4.98063237214145,0.253454610026348,"2020-12-24 14:58:32"
"BTG","pcr","holdout",1.36457300909894,0.0602992641916212,"2020-12-24 14:58:32"
"BTG","pcr","test",0.899578230734068,0.343809781693885,"2020-12-24 14:58:32"
"BTG","rf","holdout",2.33313205681991,0.392125661123012,"2020-12-24 14:58:32"
"BTG","rf","test",0.995930517157033,0.21342850918053,"2020-12-24 14:58:32"
"BTG","xgb","holdout",2.04703697465411,0.466180182719307,"2020-12-24 14:58:32"
"BTG","xgb","test",1.58201178315748,0.0408238050758514,"2020-12-24 14:58:32"
"BTM","lm","holdout",1.59989200781862,0.894427596867473,"2020-12-24 14:58:32"
"BTM","lm","test",1.19595081437067,0.612947234140242,"2020-12-24 14:58:32"
"BTM","nnet","holdout",3.03788890978884,0.497829160745539,"2020-12-24 14:58:32"
"BTM","nnet","test",1.83487110000607,0.224065039259661,"2020-12-24 14:58:32"
"BTM","pcr","holdout",1.87369203479449,0.894246565419084,"2020-12-24 14:58:32"
"BTM","pcr","test",1.40675772778203,0.306387076496302,"2020-12-24 14:58:32"
"BTM","rf","holdout",3.7324436153955,0.148368021298331,"2020-12-24 14:58:32"
"BTM","rf","test",3.16598098394883,0.0515737337391449,"2020-12-24 14:58:32"
"BTM","xgb","holdout",3.88864588445213,0.187152375079261,"2020-12-24 14:58:32"
"BTM","xgb","test",3.4813363029531,0.113279072583763,"2020-12-24 14:58:32"
"CHZ","lm","holdout",2.21637620905692,0.77299030656321,"2020-12-24 14:58:32"
"CHZ","lm","test",0.682574094584095,0.469826599968704,"2020-12-24 14:58:32"
"CHZ","nnet","holdout",4.93163351320362,0.126803523497861,"2020-12-24 14:58:32"
"CHZ","nnet","test",1.09386718974079,0.0724085314840035,"2020-12-24 14:58:32"
"CHZ","pcr","holdout",3.70989375063072,0.308522085717941,"2020-12-24 14:58:32"
"CHZ","pcr","test",0.840899013092169,0.169320565909825,"2020-12-24 14:58:32"
"CHZ","rf","holdout",4.65764101885477,0.074178099972468,"2020-12-24 14:58:32"
"CHZ","rf","test",1.08968809143719,0.0709048767431162,"2020-12-24 14:58:32"
"CHZ","xgb","holdout",5.94965569550545,0.0522694844953493,"2020-12-24 14:58:32"
"CHZ","xgb","test",1.32911060877646,0.102960186081531,"2020-12-24 14:58:32"
"CRO","lm","holdout",1.03933796214317,0.85101640229319,"2020-12-24 14:58:32"
"CRO","lm","test",1.2849597661028,0.533356531064194,"2020-12-24 14:58:32"
"CRO","nnet","holdout",2.2359447101593,0.355102758916433,"2020-12-24 14:58:32"
"CRO","nnet","test",6.13751575769743,0.277692706136781,"2020-12-24 14:58:32"
"CRO","pcr","holdout",1.50495531207972,0.708692914352051,"2020-12-24 14:58:32"
"CRO","pcr","test",1.24492444501179,0.459092964235151,"2020-12-24 14:58:32"
"CRO","rf","holdout",2.31574942797325,0.301543478538023,"2020-12-24 14:58:32"
"CRO","rf","test",1.62553339723178,0.144961584158763,"2020-12-24 14:58:32"
"CRO","xgb","holdout",2.22652307204158,0.331163075243576,"2020-12-24 14:58:32"
"CRO","xgb","test",1.28433647522999,0.147108483568591,"2020-12-24 14:58:32"
"CRPT","lm","holdout",5.34407855564448,0.327681196620941,"2020-12-24 14:58:32"
"CRPT","lm","test",1.96282691500979,0.273075521665828,"2020-12-24 14:58:32"
"CRPT","nnet","holdout",6.42764758254486,0.17932364843024,"2020-12-24 14:58:32"
"CRPT","nnet","test",2.04499721169209,0.28416780360502,"2020-12-24 14:58:32"
"CRPT","pcr","holdout",4.37948823912526,0.248311201189863,"2020-12-24 14:58:32"
"CRPT","pcr","test",1.23913653670989,0.500524425420635,"2020-12-24 14:58:32"
"CRPT","rf","holdout",6.16516708072116,0.0200091499509303,"2020-12-24 14:58:32"
"CRPT","rf","test",3.49717720290832,0.0172305486733225,"2020-12-24 14:58:32"
"CRPT","xgb","holdout",5.87120015699895,0.132627342437591,"2020-12-24 14:58:32"
"CRPT","xgb","test",4.77142958551519,0.0343452938051606,"2020-12-24 14:58:32"
"DCR","lm","holdout",0.734039342743703,0.821330617488834,"2020-12-24 14:58:32"
"DCR","lm","test",0.72164654345184,0.673216834895648,"2020-12-24 14:58:32"
"DCR","nnet","holdout",3.73786178268096,0.00000167477107517339,"2020-12-24 14:58:32"
"DCR","nnet","test",2.65456862985191,0.152535333137527,"2020-12-24 14:58:32"
"DCR","pcr","holdout",1.4976747282794,0.0584158936724892,"2020-12-24 14:58:32"
"DCR","pcr","test",1.07215059758894,0.348153331175505,"2020-12-24 14:58:32"
"DCR","rf","holdout",1.72557299779828,0.0000154483455658278,"2020-12-24 14:58:32"
"DCR","rf","test",2.17958419894079,0.0786006879113931,"2020-12-24 14:58:32"
"DCR","xgb","holdout",3.61341941609031,0.0202780451477932,"2020-12-24 14:58:32"
"DCR","xgb","test",2.12437022133726,0.0147275574750909,"2020-12-24 14:58:32"
"DGB","lm","holdout",1.27450338652894,0.603726004971573,"2020-12-24 14:58:32"
"DGB","lm","test",1.35469847013106,0.460275612610407,"2020-12-24 14:58:32"
"DGB","nnet","holdout",1.86220268896953,0.157142300270246,"2020-12-24 14:58:32"
"DGB","nnet","test",1.91279760975539,0.177340960199238,"2020-12-24 14:58:32"
"DGB","pcr","holdout",1.64711454576471,0.339294674068446,"2020-12-24 14:58:32"
"DGB","pcr","test",1.36203644635591,0.348036458062732,"2020-12-24 14:58:32"
"DGB","rf","holdout",2.86617892578718,0.223214417361282,"2020-12-24 14:58:32"
"DGB","rf","test",3.10071739955413,0.218706898422487,"2020-12-24 14:58:32"
"DGB","xgb","holdout",2.42055841483978,0.207431837164393,"2020-12-24 14:58:32"
"DGB","xgb","test",3.47172291182696,0.064024141693115,"2020-12-24 14:58:32"
"ELF","lm","holdout",1.02108878222098,0.986893028613178,"2020-12-24 14:58:32"
"ELF","lm","test",1.12360543576873,0.665355657716579,"2020-12-24 14:58:32"
"ELF","nnet","holdout",3.08794971826078,0.296441306407712,"2020-12-24 14:58:32"
"ELF","nnet","test",1.41327302372343,0.213475685338561,"2020-12-24 14:58:32"
"ELF","pcr","holdout",1.63261108743144,0.737125804844575,"2020-12-24 14:58:32"
"ELF","pcr","test",1.2413466113681,0.436678398765752,"2020-12-24 14:58:32"
"ELF","rf","holdout",2.69107099726031,0.240780233327738,"2020-12-24 14:58:32"
"ELF","rf","test",3.07178838813542,0.167399271111793,"2020-12-24 14:58:32"
"ELF","xgb","holdout",3.21950337721655,0.0305571098508357,"2020-12-24 14:58:32"
"ELF","xgb","test",3.89897366190204,0.176901680943731,"2020-12-24 14:58:32"
"ENJ","lm","holdout",2.67881181751333,0.554696790775265,"2020-12-24 14:58:32"
"ENJ","lm","test",2.97093676238702,0.274919621122461,"2020-12-24 14:58:32"
"ENJ","nnet","holdout",3.64488617426338,0.176318959756016,"2020-12-24 14:58:32"
"ENJ","nnet","test",3.25559512404225,0.0647208000892553,"2020-12-24 14:58:32"
"ENJ","pcr","holdout",3.12598761818213,0.352314419885467,"2020-12-24 14:58:32"
"ENJ","pcr","test",3.01777186104147,0.127901625993398,"2020-12-24 14:58:32"
"ENJ","rf","holdout",2.93070964528727,0.447481217395127,"2020-12-24 14:58:32"
"ENJ","rf","test",3.62618258488191,0.138990868775167,"2020-12-24 14:58:32"
"ENJ","xgb","holdout",4.9862838340273,0.00280917165720864,"2020-12-24 14:58:32"
"ENJ","xgb","test",3.71428687169454,0.0750972579695988,"2020-12-24 14:58:32"
"EOS","lm","holdout",0.878411364577165,0.931906954249408,"2020-12-24 14:58:32"
"EOS","lm","test",0.46563312941836,0.486047828583427,"2020-12-24 14:58:32"
"EOS","nnet","holdout",2.83757834677678,0.288634394886521,"2020-12-24 14:58:32"
"EOS","nnet","test",0.913336988037076,0.0324238636603101,"2020-12-24 14:58:32"
"EOS","pcr","holdout",1.9492357544529,0.599587021287906,"2020-12-24 14:58:32"
"EOS","pcr","test",0.702692475589239,0.108444891529708,"2020-12-24 14:58:32"
"EOS","rf","holdout",2.86856979776641,0.168274545098829,"2020-12-24 14:58:32"
"EOS","rf","test",1.88355703126412,0.0347593182297352,"2020-12-24 14:58:32"
"EOS","xgb","holdout",2.84476921597808,0.17619984606185,"2020-12-24 14:58:32"
"EOS","xgb","test",1.9017742156961,0.0249156765635636,"2020-12-24 14:58:32"
"ETH","lm","holdout",0.481224055760932,0.909266637661872,"2020-12-24 14:58:32"
"ETH","lm","test",0.94037579629615,0.667654549396906,"2020-12-24 14:58:32"
"ETH","nnet","holdout",1.46717462676517,0.289375445933863,"2020-12-24 14:58:32"
"ETH","nnet","test",2.49459975066167,0.311310217406502,"2020-12-24 14:58:32"
"ETH","pcr","holdout",1.00993928974726,0.60240400778918,"2020-12-24 14:58:32"
"ETH","pcr","test",0.771459494518493,0.38263941989237,"2020-12-24 14:58:32"
"ETH","rf","holdout",2.37594571502548,0.291091209143816,"2020-12-24 14:58:32"
"ETH","rf","test",1.43945384342152,0.184193321898062,"2020-12-24 14:58:32"
"ETH","xgb","holdout",2.66880765951319,0.311266136289497,"2020-12-24 14:58:32"
"ETH","xgb","test",2.20885810104608,0.110405522905413,"2020-12-24 14:58:32"
"ETP","lm","holdout",2.25801559054194,0.367399124716876,"2020-12-24 14:58:32"
"ETP","lm","test",1.23882430817792,0.696033928320045,"2020-12-24 14:58:32"
"ETP","nnet","holdout",2.96857959007316,0.0740343234695155,"2020-12-24 14:58:32"
"ETP","nnet","test",2.54002164624647,0.169117687413563,"2020-12-24 14:58:32"
"ETP","pcr","holdout",2.56068314647067,0.187410596911137,"2020-12-24 14:58:32"
"ETP","pcr","test",1.51518115364697,0.481667092819996,"2020-12-24 14:58:32"
"ETP","rf","holdout",3.07187051950065,0.0643503003592274,"2020-12-24 14:58:32"
"ETP","rf","test",1.59983070315164,0.46017528568726,"2020-12-24 14:58:32"
"ETP","xgb","holdout",4.73598676378286,0.0000116974269862543,"2020-12-24 14:58:32"
"ETP","xgb","test",1.68987138995504,0.409956213980486,"2020-12-24 14:58:32"
"FTM","lm","holdout",1.32650783259344,0.855689561292996,"2020-12-24 14:58:32"
"FTM","lm","test",2.37916008398516,0.147306242930005,"2020-12-24 14:58:32"
"FTM","nnet","holdout",3.37881427489907,0.845172678413669,"2020-12-24 14:58:32"
"FTM","nnet","test",9.39632331944367,0.0725288449646695,"2020-12-24 14:58:32"
"FTM","pcr","holdout",3.36666901676049,0.106127844057687,"2020-12-24 14:58:32"
"FTM","pcr","test",2.05599220268973,0.149364978179085,"2020-12-24 14:58:32"
"FTM","rf","holdout",3.9162930428659,0.36265251436396,"2020-12-24 14:58:32"
"FTM","rf","test",2.21255788447989,0.119251295305426,"2020-12-24 14:58:32"
"FTM","xgb","holdout",2.85780009045852,0.115318980660833,"2020-12-24 14:58:32"
"FTM","xgb","test",2.5234646845156,0.0409452655164049,"2020-12-24 14:58:32"
"HT","lm","holdout",0.824745944746497,0.545742616026723,"2020-12-24 14:58:32"
"HT","lm","test",0.530630162336007,0.620747764172217,"2020-12-24 14:58:32"
"HT","nnet","holdout",1.1501947571048,0.193506180548879,"2020-12-24 14:58:32"
"HT","nnet","test",1.19024085591833,0.247276668036378,"2020-12-24 14:58:32"
"HT","pcr","holdout",0.969283728871272,0.372762376606052,"2020-12-24 14:58:32"
"HT","pcr","test",0.708412448570722,0.311666528904177,"2020-12-24 14:58:32"
"HT","rf","holdout",1.01346158396448,0.358368430186176,"2020-12-24 14:58:32"
"HT","rf","test",0.868981066090099,0.167030931796852,"2020-12-24 14:58:32"
"HT","xgb","holdout",1.32203198443401,0.193876678367825,"2020-12-24 14:58:32"
"HT","xgb","test",1.0020292726441,0.0341083096683879,"2020-12-24 14:58:32"
"KMD","lm","holdout",0.968765859762189,0.878801596224401,"2020-12-24 14:58:32"
"KMD","lm","test",1.06876394801552,0.470707212375248,"2020-12-24 14:58:32"
"KMD","nnet","holdout",1.98650411360203,0.236248702524387,"2020-12-24 14:58:32"
"KMD","nnet","test",1.54544015100567,0.116917215689252,"2020-12-24 14:58:32"
"KMD","pcr","holdout",1.54226018813689,0.581550046323444,"2020-12-24 14:58:32"
"KMD","pcr","test",1.22900308601221,0.277831688509879,"2020-12-24 14:58:32"
"KMD","rf","holdout",3.05417433270964,0.0991116284565399,"2020-12-24 14:58:32"
"KMD","rf","test",2.3171360138583,0.0362592635998459,"2020-12-24 14:58:32"
"KMD","xgb","holdout",3.33887602076493,0.0918216811238947,"2020-12-24 14:58:32"
"KMD","xgb","test",2.30952913981191,0.0858947779679608,"2020-12-24 14:58:32"
"KNC","lm","holdout",1.05146255624279,0.971133121688723,"2020-12-24 14:58:32"
"KNC","lm","test",1.34824578007819,0.541893676364882,"2020-12-24 14:58:32"
"KNC","nnet","holdout",1.24206982966347,0.872260077502552,"2020-12-24 14:58:32"
"KNC","nnet","test",1.93282682304615,0.261434562369309,"2020-12-24 14:58:32"
"KNC","pcr","holdout",1.36825617065406,0.891917262597202,"2020-12-24 14:58:32"
"KNC","pcr","test",1.38190701546192,0.430234762990784,"2020-12-24 14:58:32"
"KNC","rf","holdout",3.74166298779846,0.00328201940884926,"2020-12-24 14:58:32"
"KNC","rf","test",2.66150770564458,0.110416071612891,"2020-12-24 14:58:32"
"KNC","xgb","holdout",3.28512556596974,0.0000105639402704947,"2020-12-24 14:58:32"
"KNC","xgb","test",3.45418473711957,0.147568281745482,"2020-12-24 14:58:32"
"LEO","lm","holdout",3.58531152617518,0.374846133024722,"2020-12-24 14:58:32"
"LEO","lm","test",2.01067463580048,0.478740116381392,"2020-12-24 14:58:32"
"LEO","nnet","holdout",4.52030936752268,0.0165769233078801,"2020-12-24 14:58:32"
"LEO","nnet","test",1.91420259700257,0.280811075911973,"2020-12-24 14:58:32"
"LEO","pcr","holdout",4.12066826858564,0.198650065478643,"2020-12-24 14:58:32"
"LEO","pcr","test",1.03867524572013,0.449823074677126,"2020-12-24 14:58:32"
"LEO","rf","holdout",4.41902053334837,0.0159523513522329,"2020-12-24 14:58:32"
"LEO","rf","test",0.608632621097992,0.492313900876799,"2020-12-24 14:58:32"
"LEO","xgb","holdout",5.76694549780359,0.0225704836796618,"2020-12-24 14:58:32"
"LEO","xgb","test",2.82946100990111,0.431919112570352,"2020-12-24 14:58:32"
"LTC","lm","holdout",1.33142522202051,0.892228614981559,"2020-12-24 14:58:32"
"LTC","lm","test",0.496466405931125,0.806500069923444,"2020-12-24 14:58:32"
"LTC","nnet","holdout",3.94607537079195,0.219293792170999,"2020-12-24 14:58:32"
"LTC","nnet","test",1.4275588471183,0.149132838905087,"2020-12-24 14:58:32"
"LTC","pcr","holdout",2.06333418698258,0.213168870914451,"2020-12-24 14:58:32"
"LTC","pcr","test",1.03933135990595,0.359763509006072,"2020-12-24 14:58:32"
"LTC","rf","holdout",2.3057045182221,0.17100767320541,"2020-12-24 14:58:32"
"LTC","rf","test",2.45472766925307,0.0595853497320721,"2020-12-24 14:58:32"
"LTC","xgb","holdout",2.44282980888691,0.0633373135694937,"2020-12-24 14:58:32"
"LTC","xgb","test",2.43084996701492,0.0873204554159686,"2020-12-24 14:58:32"
"MANA","lm","holdout",1.06768008018726,0.954628599477012,"2020-12-24 14:58:32"
"MANA","lm","test",1.23504634921129,0.561442138894891,"2020-12-24 14:58:32"
"MANA","nnet","holdout",2.48417208169116,0.409134379421662,"2020-12-24 14:58:32"
"MANA","nnet","test",1.7658450389883,0.164033429928874,"2020-12-24 14:58:32"
"MANA","pcr","holdout",1.61703343367329,0.731672737909662,"2020-12-24 14:58:32"
"MANA","pcr","test",1.35999065974124,0.243165568235062,"2020-12-24 14:58:32"
"MANA","rf","holdout",2.72258405605182,0.180810958587144,"2020-12-24 14:58:32"
"MANA","rf","test",2.17760321773608,0.0380396150770663,"2020-12-24 14:58:32"
"MANA","xgb","holdout",2.66959720328402,0.191008789314261,"2020-12-24 14:58:32"
"MANA","xgb","test",2.87928279690093,0.0147869916129472,"2020-12-24 14:58:32"
"NEO","lm","holdout",3.19533584678462,0.0653765473917111,"2020-12-24 14:58:32"
"NEO","lm","test",2.12332040881816,0.435531242483341,"2020-12-24 14:58:32"
"NEO","nnet","holdout",5.04573331712104,0.300524992498953,"2020-12-24 14:58:32"
"NEO","nnet","test",5.74111931551185,0.288133161635519,"2020-12-24 14:58:32"
"NEO","pcr","holdout",1.6557097907633,0.739052322445686,"2020-12-24 14:58:32"
"NEO","pcr","test",1.62996735707192,0.408169227871117,"2020-12-24 14:58:32"
"NEO","rf","holdout",8.30199559731139,0.0397763547292506,"2020-12-24 14:58:32"
"NEO","rf","test",1.54082881991235,0.319520575990099,"2020-12-24 14:58:32"
"NEO","xgb","holdout",6.517472210023,0.0408305905384617,"2020-12-24 14:58:32"
"NEO","xgb","test",1.4108121555404,0.341916521335732,"2020-12-24 14:58:32"
"NEXO","lm","holdout",2.09694585959784,0.889058069295113,"2020-12-24 14:58:32"
"NEXO","lm","test",0.997338934262924,0.754337215961953,"2020-12-24 14:58:32"
"NEXO","nnet","holdout",4.48348252668446,0.354113624170257,"2020-12-24 14:58:32"
"NEXO","nnet","test",2.08196673887696,0.282056634479431,"2020-12-24 14:58:32"
"NEXO","pcr","holdout",3.48671019887858,0.522288291232702,"2020-12-24 14:58:32"
"NEXO","pcr","test",1.34445112997451,0.483037637934075,"2020-12-24 14:58:32"
"NEXO","rf","holdout",5.19390081745336,0.436865351205869,"2020-12-24 14:58:32"
"NEXO","rf","test",2.62703001165793,0.0684911418027845,"2020-12-24 14:58:32"
"NEXO","xgb","holdout",4.17286276455866,0.495341553127606,"2020-12-24 14:58:32"
"NEXO","xgb","test",3.07374913277908,0.0526354865200338,"2020-12-24 14:58:32"
"NUT","lm","holdout",0.0306336801743459,0.0245701501655028,"2020-12-24 14:58:32"
"NUT","lm","test",0.89614231413208,0.0766398485764025,"2020-12-24 14:58:32"
"NUT","nnet","holdout",1.17918107713608,0.000900369244491643,"2020-12-24 14:58:32"
"NUT","nnet","test",4.85614537281362,0.153881732657258,"2020-12-24 14:58:32"
"NUT","pcr","holdout",0.0225950174516204,0.0013837086001437,"2020-12-24 14:58:32"
"NUT","pcr","test",0.763308780708082,0.183451032028654,"2020-12-24 14:58:32"
"NUT","rf","holdout",0.0578994984201849,0.0200069570045488,"2020-12-24 14:58:32"
"NUT","rf","test",0.481042473955687,0.0304412951636875,"2020-12-24 14:58:32"
"NUT","xgb","holdout",0.0360686889303393,0.016961434441894,"2020-12-24 14:58:32"
"NUT","xgb","test",0.663704260721895,0.0168215079773534,"2020-12-24 14:58:32"
"OAX","lm","holdout",4.52203635773257,0.82236483318121,"2020-12-24 14:58:32"
"OAX","lm","test",6.90472511141739,0.413117846776579,"2020-12-24 14:58:32"
"OAX","nnet","holdout",9.50083841156279,0.00924976712042874,"2020-12-24 14:58:32"
"OAX","nnet","test",7.5104614883387,0.0108065305003749,"2020-12-24 14:58:32"
"OAX","pcr","holdout",8.53964128586727,0.175549103443346,"2020-12-24 14:58:32"
"OAX","pcr","test",7.22096802352607,0.112703743157126,"2020-12-24 14:58:32"
"OAX","rf","holdout",17.060878818664,0.0514319975774701,"2020-12-24 14:58:32"
"OAX","rf","test",7.38209215733707,0.297203994124097,"2020-12-24 14:58:32"
"OAX","xgb","holdout",12.01515061544,0.0000720475337336437,"2020-12-24 14:58:32"
"OAX","xgb","test",10.218615576418,0.141371342332485,"2020-12-24 14:58:32"
"SRN","lm","holdout",5.61063091942659,0.329091077606691,"2020-12-24 14:58:32"
"SRN","lm","test",5.17923429194254,0.366379576422034,"2020-12-24 14:58:32"
"SRN","nnet","holdout",6.67419810506076,0.000141764066669791,"2020-12-24 14:58:32"
"SRN","nnet","test",5.91608875521442,0.092216519944787,"2020-12-24 14:58:32"
"SRN","pcr","holdout",6.30930189092066,0.0305409805194334,"2020-12-24 14:58:32"
"SRN","pcr","test",5.62735561338956,0.178347150244903,"2020-12-24 14:58:32"
"SRN","rf","holdout",4.41695122675292,0.286632228974896,"2020-12-24 14:58:32"
"SRN","rf","test",5.4661813009298,0.122793343362408,"2020-12-24 14:58:32"
"SRN","xgb","holdout",5.17415573749864,0.0610985156998597,"2020-12-24 14:58:32"
"SRN","xgb","test",6.79130884290898,0.160507600331965,"2020-12-24 14:58:32"
"STORJ","lm","holdout",1.59874305164941,0.942836535644925,"2020-12-24 14:58:32"
"STORJ","lm","test",1.68317929305075,0.502404576668264,"2020-12-24 14:58:32"
"STORJ","nnet","holdout",3.70500527651314,0.383342276645509,"2020-12-24 14:58:32"
"STORJ","nnet","test",5.28990767425126,0.294272713473764,"2020-12-24 14:58:32"
"STORJ","pcr","holdout",2.02310034122485,0.850256971170752,"2020-12-24 14:58:32"
"STORJ","pcr","test",1.57103852959809,0.348403100727139,"2020-12-24 14:58:32"
"STORJ","rf","holdout",3.38269685024386,0.120986375761045,"2020-12-24 14:58:32"
"STORJ","rf","test",2.86827294291882,0.108083239102095,"2020-12-24 14:58:32"
"STORJ","xgb","holdout",3.23607484609268,0.152520842399996,"2020-12-24 14:58:32"
"STORJ","xgb","test",3.89373843189617,0.154048699773898,"2020-12-24 14:58:32"
"TRX","lm","holdout",0.546867458394798,0.955372322298374,"2020-12-24 14:58:32"
"TRX","lm","test",0.733791258012759,0.902118167240569,"2020-12-24 14:58:32"
"TRX","nnet","holdout",1.83803750669014,0.252578716180335,"2020-12-24 14:58:32"
"TRX","nnet","test",1.82716155077651,0.288624995345737,"2020-12-24 14:58:32"
"TRX","pcr","holdout",1.30761145369414,0.618995887344095,"2020-12-24 14:58:32"
"TRX","pcr","test",1.10030878026855,0.396592482677531,"2020-12-24 14:58:32"
"TRX","rf","holdout",1.58945410297416,0.42533232638844,"2020-12-24 14:58:32"
"TRX","rf","test",1.67165338086825,0.118881167339146,"2020-12-24 14:58:32"
"TRX","xgb","holdout",1.71225364685708,0.344907065226199,"2020-12-24 14:58:32"
"TRX","xgb","test",2.32536605272951,0.0573235268591092,"2020-12-24 14:58:32"
"UNI","lm","holdout",1.74959874106057,0.471103883064988,"2020-12-24 14:58:32"
"UNI","lm","test",124.806971661455,0.171236783605756,"2020-12-24 14:58:32"
"UNI","nnet","holdout",2.56302253367927,0.0149373917103825,"2020-12-24 14:58:32"
"UNI","nnet","test",10.3829566817991,0.205441345506226,"2020-12-24 14:58:32"
"UNI","pcr","holdout",2.51221275302203,0.00179544332071395,"2020-12-24 14:58:32"
"UNI","pcr","test",9.10834569835127,0.252711805973633,"2020-12-24 14:58:32"
"UNI","rf","holdout",3.60048193559629,0.0975944791926157,"2020-12-24 14:58:32"
"UNI","rf","test",10.2083597707141,0.0585338191505829,"2020-12-24 14:58:32"
"UNI","xgb","holdout",3.08233740188803,0.0222800453900112,"2020-12-24 14:58:32"
"UNI","xgb","test",10.5201467166588,0.0903629460676611,"2020-12-24 14:58:32"
"VIB","lm","holdout",8.54543840458273,0.340788746891004,"2020-12-24 14:58:32"
"VIB","lm","test",3.76282779214988,0.136243826586915,"2020-12-24 14:58:32"
"VIB","nnet","holdout",12.5239397984166,0.00393467707187342,"2020-12-24 14:58:32"
"VIB","nnet","test",5.7769104207651,0.2024414594264,"2020-12-24 14:58:32"
"VIB","pcr","holdout",9.38639552003332,0.278532712812778,"2020-12-24 14:58:32"
"VIB","pcr","test",3.64265842184342,0.122910063915983,"2020-12-24 14:58:32"
"VIB","rf","holdout",7.30596835577377,0.00164532697104556,"2020-12-24 14:58:32"
"VIB","rf","test",4.37401476908124,0.0217952205905682,"2020-12-24 14:58:32"
"VIB","xgb","holdout",8.75878222278634,0.00162654958751832,"2020-12-24 14:58:32"
"VIB","xgb","test",3.8829801509832,0.0438008204670371,"2020-12-24 14:58:32"
"WAXP","lm","holdout",1.34232733037017,0.920717103588917,"2020-12-24 14:58:32"
"WAXP","lm","test",1.18337443518567,0.418864374714719,"2020-12-24 14:58:32"
"WAXP","nnet","holdout",3.59416095012727,0.404692174631896,"2020-12-24 14:58:32"
"WAXP","nnet","test",1.80273799166177,0.0507478278368701,"2020-12-24 14:58:32"
"WAXP","pcr","holdout",1.96499239249052,0.808962227036665,"2020-12-24 14:58:32"
"WAXP","pcr","test",1.48090845452383,0.138246605354584,"2020-12-24 14:58:32"
"WAXP","rf","holdout",2.88952509529928,0.642825613789697,"2020-12-24 14:58:32"
"WAXP","rf","test",1.81443971603927,0.0982640379178562,"2020-12-24 14:58:32"
"WAXP","xgb","holdout",3.93799168011032,0.309825941141141,"2020-12-24 14:58:32"
"WAXP","xgb","test",2.09104484965356,0.0222622968446266,"2020-12-24 14:58:32"
"XEM","lm","holdout",0.910200422342699,0.946933521288457,"2020-12-24 14:58:32"
"XEM","lm","test",0.757388245035504,0.675993661857317,"2020-12-24 14:58:32"
"XEM","nnet","holdout",3.04225093572454,0.336627249020964,"2020-12-24 14:58:32"
"XEM","nnet","test",3.29315514688784,0.118245720499134,"2020-12-24 14:58:32"
"XEM","pcr","holdout",2.31241447246205,0.603717147489272,"2020-12-24 14:58:32"
"XEM","pcr","test",1.17208884486689,0.3408084588513,"2020-12-24 14:58:32"
"XEM","rf","holdout",4.64720534935149,0.327275270939472,"2020-12-24 14:58:32"
"XEM","rf","test",2.21456672621385,0.0407513147215542,"2020-12-24 14:58:32"
"XEM","xgb","holdout",3.5277933483291,0.453099157351766,"2020-12-24 14:58:32"
"XEM","xgb","test",2.33759313354221,0.0301393909352609,"2020-12-24 14:58:32"
"XMR","lm","holdout",0.468104039454906,0.886594946098415,"2020-12-24 14:58:32"
"XMR","lm","test",0.734695086120364,0.526669678745871,"2020-12-24 14:58:32"
"XMR","nnet","holdout",1.74594831267401,0.00369937358817461,"2020-12-24 14:58:32"
"XMR","nnet","test",1.48234533531742,0.113462517746662,"2020-12-24 14:58:32"
"XMR","pcr","holdout",1.16594710679257,0.0665737616580764,"2020-12-24 14:58:32"
"XMR","pcr","test",0.942908243694064,0.234349398950568,"2020-12-24 14:58:32"
"XMR","rf","holdout",1.17878983434154,0.0312839877261682,"2020-12-24 14:58:32"
"XMR","rf","test",1.40642299122289,0.102364859006098,"2020-12-24 14:58:32"
"XMR","xgb","holdout",1.53315838517821,0.0160129061816265,"2020-12-24 14:58:32"
"XMR","xgb","test",1.78437480980156,0.0471431968266426,"2020-12-24 14:58:32"
"XNS","lm","holdout",4.90192051411957,0.735432328047442,"2020-12-24 14:58:32"
"XNS","lm","test",8.14983355704867,0.520972735503822,"2020-12-24 14:58:32"
"XNS","nnet","holdout",17.4427832360267,0.0125851216461789,"2020-12-24 14:58:32"
"XNS","nnet","test",13.3500460048642,0.169193809306609,"2020-12-24 14:58:32"
"XNS","pcr","holdout",7.7259303964775,0.153716859530021,"2020-12-24 14:58:32"
"XNS","pcr","test",7.86192616590864,0.467910559625377,"2020-12-24 14:58:32"
"XNS","rf","holdout",8.60240136770521,0.0447187144583331,"2020-12-24 14:58:32"
"XNS","rf","test",11.7780185551964,0.178968109224276,"2020-12-24 14:58:32"
"XNS","xgb","holdout",8.09049309459189,0.0406372158511083,"2020-12-24 14:58:32"
"XNS","xgb","test",12.5739800985119,0.0900565870286165,"2020-12-24 14:58:32"
"ZEC","lm","holdout",0.910146946698625,0.944295537974055,"2020-12-24 14:58:32"
"ZEC","lm","test",0.494501791933481,0.729686606157177,"2020-12-24 14:58:32"
"ZEC","nnet","holdout",2.73337370801836,0.343815812220605,"2020-12-24 14:58:32"
"ZEC","nnet","test",1.6667180804466,0.064353934172915,"2020-12-24 14:58:32"
"ZEC","pcr","holdout",1.69769806134746,0.775883564199043,"2020-12-24 14:58:32"
"ZEC","pcr","test",0.847273305384971,0.212381939897754,"2020-12-24 14:58:32"
"ZEC","rf","holdout",2.58895054168051,0.378491854442276,"2020-12-24 14:58:32"
"ZEC","rf","test",1.22941103352491,0.294314370329835,"2020-12-24 14:58:32"
"ZEC","xgb","holdout",2.49905712532989,0.411279803941335,"2020-12-24 14:58:32"
"ZEC","xgb","test",2.65664505081409,0.149107638839706,"2020-12-24 14:58:32"
"ZRX","lm","holdout",1.00595222541881,0.94908009174274,"2020-12-24 14:58:32"
"ZRX","lm","test",0.774404036699225,0.543894297163692,"2020-12-24 14:58:32"
"ZRX","nnet","holdout",2.23118112377455,0.315849354951598,"2020-12-24 14:58:32"
"ZRX","nnet","test",1.16505161974557,0.0487777772637451,"2020-12-24 14:58:32"
"ZRX","pcr","holdout",1.44337382373179,0.736456136091832,"2020-12-24 14:58:32"
"ZRX","pcr","test",0.990328486031566,0.199662464799494,"2020-12-24 14:58:32"
"ZRX","rf","holdout",2.53993467002356,0.109620649339395,"2020-12-24 14:58:32"
"ZRX","rf","test",2.19419577921079,0.104038820093494,"2020-12-24 14:58:32"
"ZRX","xgb","holdout",2.25915179172126,0.184504550787964,"2020-12-24 14:58:32"
"ZRX","xgb","test",2.95130838250898,0.0108420387094408,"2020-12-24 14:58:32"
